Assay	Day	Allocation	emmean	SE	df	lower.CL	upper.CL
IL8	1	Anakinra	-0.2506011773944028	0.05679238732847037	1128.4047085750083	-0.3620317330911932	-0.13917062169761238
IL8	4	Anakinra	0.013993098833870711	0.05715948784815294	1139.9440683147639	-0.09815651425649843	0.12614271192423984
IL8	7	Anakinra	0.19370733049054087	0.05738804458414759	1150.282636677929	0.08111035392076903	0.3063043070603127
IL8	1	Placebo	-0.1392866534400234	0.0800720287012621	1202.1332485277594	-0.29638311527925043	0.017809808399203653
IL8	4	Placebo	0.052024820369968326	0.08012463089923112	1202.6669676028332	-0.10517477348197307	0.20922441422190974
IL8	7	Placebo	0.22104988702188016	0.08159072609152784	1238.2170655280518	0.060978534324917594	0.3811212397188427
VEGFA	1	Anakinra	0.07484721393233912	0.05891655655607527	832.1839289280332	-0.04079530630919155	0.19048973417386977
VEGFA	4	Anakinra	-0.039132470183587065	0.059153275439697436	841.6217106654394	-0.15523773036037614	0.076972789993202
VEGFA	7	Anakinra	0.03713985883856779	0.059280256698584236	847.8181524352034	-0.0792134137848689	0.1534931314620045
VEGFA	1	Placebo	0.04836939822955777	0.0820045213098234	876.2598824956268	-0.11257882016196194	0.20931761662107748
VEGFA	4	Placebo	0.08074422188416555	0.08204591834466615	877.1128287177972	-0.08028502884234467	0.24177347261067578
VEGFA	7	Placebo	0.12458165560332878	0.08294833729570775	905.612663110496	-0.038211668723665174	0.28737497993032274
CD8A	1	Anakinra	0.3215218342274826	0.05728845699944089	948.6208742620444	0.2090950773539997	0.4339485911009655
CD8A	4	Anakinra	0.028065709863617075	0.05758410589152119	959.9594097199082	-0.08493954331901016	0.1410709630462443
CD8A	7	Anakinra	0.03639690297996491	0.05775336581875935	968.4720475539789	-0.07693925477515183	0.14973306073508164
CD8A	1	Placebo	0.2687653480832499	0.08017914363658156	1008.2584905040808	0.11142824270875479	0.42610245345774506
CD8A	4	Placebo	0.029668048264954817	0.08022643233102264	1009.0018170320683	-0.12776171325464467	0.1870978097845543
CD8A	7	Placebo	0.07262050842026442	0.08137661837210973	1044.099383136512	-0.08705983736031207	0.2323008542008409
MCP-3	1	Anakinra	0.19345176513398588	0.05592342205868377	917.768699109541	0.08369913218106986	0.3032043980869019
MCP-3	4	Anakinra	-0.22981080007275212	0.05619666455059295	928.7456288690493	-0.34009796441390167	-0.11952363573160257
MCP-3	7	Anakinra	-0.4442420709708853	0.056350575033406874	936.7141665482017	-0.5548300603806864	-0.3336540815610842
MCP-3	1	Placebo	0.2980045266312893	0.07816021782847302	973.7060147461988	0.14462265751611972	0.4513863957464589
MCP-3	4	Placebo	-0.029686919872430287	0.07820491422828878	974.4899206664359	-0.1831563477050091	0.12378250796014854
MCP-3	7	Placebo	-0.2036007501828348	0.07926252382645592	1008.3164849192474	-0.35913914378304146	-0.04806235658262811
CDCP1	1	Anakinra	0.40405280382584263	0.05649693655339988	830.2053416775434	0.2931591740943379	0.5149464335573474
CDCP1	4	Anakinra	-0.09071746665734383	0.05672268071274681	839.5979793651406	-0.20205237438753015	0.02061744107284251
CDCP1	7	Anakinra	0.014323623201281426	0.05684362930197544	845.7495990618753	-0.09724751011266852	0.12589475651523138
CDCP1	1	Placebo	0.2678312409672683	0.07862877163619804	873.9819546418884	0.11350796551245157	0.422154516422085
CDCP1	4	Placebo	-0.1353948743931912	0.07866831345685105	874.835326723856	-0.28979554900767773	0.019005800221295333
CDCP1	7	Placebo	0.047809732812887876	0.07952857529929058	903.1815689871426	-0.10827257347758358	0.20389203910335935
CD244	1	Anakinra	0.25051828020882994	0.0556100899098851	910.0622736822262	0.14137935755543796	0.3596572028622219
CD244	4	Anakinra	0.11005984899930119	0.055877824847059956	920.9331669186998	3.9720053791757193e-4	0.21972249746068478
CD244	7	Anakinra	0.37141869033565156	0.056028006564900756	928.7571844839807	0.2614625227085264	0.48137485796277674
CD244	1	Placebo	0.16690875825050155	0.07769479506492002	965.0247683437841	0.0144385292818148	0.31937898721918834
CD244	4	Placebo	0.028606318939483073	0.07773884285695308	965.817961556739	-0.1239501931968065	0.18116283107577263
CD244	7	Placebo	0.15034163296132122	0.07877378465349169	999.2725922169639	-0.0042393795647521215	0.30492264548739456
IL7	1	Anakinra	-0.03624409035022133	0.05751127302018981	1018.8494794791795	-0.14909817892649524	0.07660999822605256
IL7	4	Anakinra	-0.05939859336671036	0.05784048080321752	1030.644741942215	-0.17289713988312447	0.05409995314970375
IL7	7	Anakinra	-0.025300666493989737	0.05803562020917851	1040.1661838853252	-0.13918090329765676	0.08857957030967727
IL7	1	Placebo	-0.08225013905784542	0.08073288896234132	1085.606748992487	-0.24066030506005187	0.07616002694436103
IL7	4	Placebo	0.07906026426155081	0.08078310295652881	1086.2509716169957	-0.07944832428609998	0.2375688528092016
IL7	7	Placebo	0.04488793316467327	0.08207791547791006	1122.9313128590547	-0.11615540432368607	0.2059312706530326
OPG	1	Anakinra	0.36479576181510837	0.05097356489488249	971.0697471357902	0.26476473206113943	0.4648267915690773
OPG	4	Anakinra	-0.032948191822224415	0.05124625609377446	982.6089750920493	-0.1335128797200414	0.06761649607559257
OPG	7	Anakinra	-0.27810034799018896	0.051404167625946864	991.4805268490867	-0.3789738053784113	-0.17722689060196664
OPG	1	Placebo	0.32285606028531405	0.07141104538357905	1033.1872014261512	0.1827288294180577	0.4629832911525704
OPG	4	Placebo	0.02684331296987698	0.07145398089977566	1033.8989000169997	-0.11336805546372496	0.1670546814034789
OPG	7	Placebo	-0.09230606695815817	0.0725186714430732	1069.7007488787112	-0.23460105460194836	0.04998892068563203
LAP TGF-beta-1	1	Anakinra	-0.0207329184744398	0.05755904202590628	1044.398478744246	-0.1336774578599726	0.092211620911093
LAP TGF-beta-1	4	Anakinra	-0.06717030247458022	0.057899246384434055	1056.2371899500158	-0.1807809263794123	0.04644032143025183
LAP TGF-beta-1	7	Anakinra	0.23511397944746087	0.058103331172749816	1066.0372906322725	0.12110410018824053	0.3491238587066812
LAP TGF-beta-1	1	Placebo	-0.118553748979899	0.08088454870264583	1113.258155095188	-0.2772570947232888	0.04014959676349082
LAP TGF-beta-1	4	Placebo	0.05913307358351825	0.08093561954228126	1113.8689925906235	-0.09967038332837791	0.2179365304954144
LAP TGF-beta-1	7	Placebo	0.08241765103158363	0.08227871221174904	1150.6737660263784	-0.07901546594090575	0.24385076800407302
uPA	1	Anakinra	0.39156167615555243	0.05614749672033362	1007.7582947199613	0.281382276911374	0.5017410753997308
uPA	4	Anakinra	-0.10766207178101317	0.05646419278064494	1019.5145957450165	-0.2184613939762874	0.0031372504142610363
uPA	7	Anakinra	-0.09481133756727766	0.056650923348591	1028.8997098861328	-0.20597587476991192	0.016353199635356586
uPA	1	Placebo	0.4168076595126052	0.07878211309635849	1073.518894465317	0.2622232687191648	0.5713920503060456
uPA	4	Placebo	-0.11151934488139696	0.07883076535463054	1074.1784163466734	-0.2661990927874301	0.04316040302463618
uPA	7	Placebo	-0.013556703645218868	0.08007429575778155	1110.7300106065268	-0.17067064357253192	0.14355723628209416
IL6	1	Anakinra	0.35146700111421963	0.054113437900474765	952.440538735696	0.2452716613133024	0.45766234091513686
IL6	4	Anakinra	-0.15907102041258275	0.054394475082456935	963.8169053905983	-0.26581628069977964	-0.05232576012538587
IL6	7	Anakinra	-0.5199482937851571	0.054555686669650175	972.3928886377257	-0.6270087330738384	-0.4128878544964757
IL6	1	Placebo	0.4727268342885555	0.0757482499031726	1012.5130474915667	0.3240853092068999	0.6213683593702111
IL6	4	Placebo	0.0494823795214742	0.07579307966157661	1013.2510740666058	-0.09924698578082666	0.19821174482377504
IL6	7	Placebo	-0.1294784162126835	0.07688709676144914	1048.4816196518125	-0.280348517357728	0.021391684932360988
MCP-1	1	Anakinra	0.00456817702535138	0.0570772754982027	1065.8188002695604	-0.10742841031164387	0.11656476436234663
MCP-1	4	Anakinra	-0.05078120572190502	0.05742315651946883	1077.6448570415403	-0.16345507240308635	0.06189266095927631
MCP-1	7	Anakinra	0.007730136179628957	0.0576326856880801	1087.6389575703433	-0.10535369353670308	0.12081396589596101
MCP-1	1	Placebo	0.18499194042149858	0.08027670620883577	1136.225848632604	0.02748470593904856	0.3424991749039486
MCP-1	4	Placebo	0.16154212005283358	0.08032797097474917	1136.8114951677833	0.003934387911199655	0.3191498521944675
MCP-1	7	Placebo	0.22889497839421738	0.08169765545051433	1173.536768706863	0.06860519903521789	0.38918475775321687
CXCL11	1	Anakinra	0.5094753640706235	0.054763379049571355	956.8757533566909	0.4020051759831687	0.6169455521580783
CXCL11	4	Anakinra	-0.15249304431325422	0.05504985798392232	968.2941465540858	-0.26052381853293427	-0.04446227009357416
CXCL11	7	Anakinra	-0.2833844626608127	0.05521456509184879	976.9425281754301	-0.39173726046364926	-0.1750316648579761
CXCL11	1	Placebo	0.5919334270478073	0.07667297893268331	1017.4466404638604	0.44147817035162135	0.7423886837439932
CXCL11	4	Placebo	-0.07392867720709612	0.07671853380154446	1018.178462098278	-0.2244731972758775	0.07661584286168527
CXCL11	7	Placebo	-0.26749843826794134	0.07783453133559318	1053.5566577064844	-0.4202267728967714	-0.11477010363911128
AXIN1	1	Anakinra	-0.18959884782736228	0.05696135656874734	1104.882119042564	-0.30136348765696985	-0.07783420799775471
AXIN1	4	Anakinra	-0.008630180128464867	0.05732120376760793	1116.5722175592348	-0.12109958966599156	0.10383922940906183
AXIN1	7	Anakinra	0.2937296807643883	0.05754299457652916	1126.8216203727704	0.1808262118935668	0.40663314963520986
AXIN1	1	Placebo	-0.22506864432941548	0.0802371546631114	1177.5793242693812	-0.38249238144839426	-0.06764490721043673
AXIN1	4	Placebo	-0.027003468431114633	0.08028934270286699	1178.1281545066706	-0.1845295219678067	0.1305225851055774
AXIN1	7	Placebo	0.20361685323344833	0.08172200849430455	1214.282606655262	0.04328484789352044	0.3639488585733762
TRAIL	1	Anakinra	-0.08581790412729173	0.05633819005778341	1023.7513314011981	-0.19636942821125608	0.0247336199566726
TRAIL	4	Anakinra	0.17193686956239662	0.05666273695965293	1035.559916993322	0.06074999301377615	0.2831237461110171
TRAIL	7	Anakinra	0.3367071249695889	0.056855560766884354	1045.1386926276675	0.22514307491478452	0.44827117502439323
TRAIL	1	Placebo	0.04348670470904359	0.07910215738812261	1090.9330895310623	-0.11172287296440703	0.1986962823824942
TRAIL	4	Placebo	0.0957213230914929	0.07915150642861812	1091.5706829852986	-0.05958498359777947	0.25102762978076526
TRAIL	7	Placebo	0.32039845185105287	0.08042891776327583	1128.29348229606	0.1625913870192455	0.47820551668286027
CXCL9	1	Anakinra	0.05254068401102257	0.057020501407206665	940.950931508075	-0.05936138387633206	0.1644427518983772
CXCL9	4	Anakinra	-0.09158186110110289	0.05731096904214703	952.2089087648111	-0.20405225573151037	0.0208885335293046
CXCL9	7	Anakinra	0.05981980779741786	0.05747660214124881	960.5916106972322	-0.052974382199414846	0.17261399779425057
CXCL9	1	Placebo	0.14178707384406733	0.07977695727908073	999.6995690767452	-0.014762424184047218	0.2983365718721819
CXCL9	4	Placebo	-0.045107273032507035	0.07982367309112386	1000.4533909311089	-0.20174830029315094	0.11153375422813688
CXCL9	7	Placebo	0.047178896458031166	0.0809522903889701	1035.2676788032113	-0.11167038922400813	0.20602818214007046
CST5	1	Anakinra	-0.13084407489763022	0.05824698219227224	787.9011257532742	-0.24518170167537096	-0.01650644811988948
CST5	4	Anakinra	-0.07571892853883168	0.05845055190408704	796.222251987775	-0.19045431373405847	0.039016456656395124
CST5	7	Anakinra	0.15563028381691008	0.058556753390673434	801.3829819269498	0.04068755750734612	0.27057301012647406
CST5	1	Placebo	-0.23215491043175845	0.08088381635454209	825.03819007681	-0.3909171822279789	-0.073392638635538
CST5	4	Placebo	-0.11205112052910363	0.08092076082091544	825.8827625311974	-0.27088566990261054	0.046783428844403285
CST5	7	Placebo	0.1584996473667279	0.08169021196054099	850.6310437450785	-0.0018383656365164591	0.31883766036997224
OSM	1	Anakinra	-0.255340040651918	0.05734811132226151	987.0793667505893	-0.3678782657824575	-0.1428018155213785
OSM	4	Anakinra	-0.1894892837002345	0.05766233234639008	998.7300955927595	-0.30264250630184686	-0.0763360610986221
OSM	7	Anakinra	-0.07015902064075025	0.05784574804592171	1007.8372672828511	-0.18367092304601434	0.043352881764513865
OSM	1	Placebo	-0.22713643596626992	0.08039659955380685	1050.8506536921689	-0.3848925747159269	-0.06938029721661293
OSM	4	Placebo	0.033767307119545356	0.08044553708787489	1051.5394511063453	-0.12408473880795871	0.1916193530470494
OSM	7	Placebo	0.1368510452319038	0.08167545164513126	1087.729695182584	-0.023408222529726852	0.29711031299353446
CXCL1	1	Anakinra	0.2092921046699417	0.05745082034071342	991.1842615924106	0.0965528996148352	0.3220313097250482
CXCL1	4	Anakinra	-0.08806262340589162	0.05776747360118403	1002.8593792001802	-0.20142160279198673	0.025296355980203508
CXCL1	7	Anakinra	0.0013755218025320176	0.05795268231850835	1012.024131346821	-0.11234565425004178	0.11509669785510582
CXCL1	1	Placebo	0.2894081060494056	0.08055463371780687	1055.3637795369252	0.13134264828553233	0.44747356381327885
CXCL1	4	Placebo	0.07864191824211052	0.08060381439920485	1056.0467165864443	-0.0795199251261179	0.23680376161033895
CXCL1	7	Placebo	0.2442803467110788	0.08184403556511319	1092.3212690778303	0.0836910444157736	0.404869649006384
CCL4	1	Anakinra	-0.38921607853847406	0.056066555764752245	920.9990193677392	-0.4992491092368586	-0.2791830478400895
CCL4	4	Anakinra	0.059786817600625354	0.05634215830666674	932.0185171792469	-0.05078537470756488	0.17035900990881558
CCL4	7	Anakinra	0.3619382921627572	0.05649766730676277	940.0466413206422	0.25106214272175986	0.4728144416037545
CCL4	1	Placebo	-0.32536948663593157	0.07837181837608215	977.3390661669808	-0.4791658898512152	-0.1715730834206479
CCL4	4	Placebo	0.04140277625053123	0.07841679314507104	978.118960089176	-0.11248173305634698	0.19528728555740946
CCL4	7	Placebo	0.3315133729422138	0.07948411684176998	1012.0949760957674	0.1755408428447063	0.4874859030397213
CD6	1	Anakinra	0.008660965707047358	0.056456299162692715	933.9796285313455	-0.10213492696295254	0.11945685837704725
CD6	4	Anakinra	0.07868989675977457	0.05674042109371372	945.1590442879627	-0.03266187827322421	0.19004167179277337
CD6	7	Anakinra	0.32053311810721297	0.056901845173272694	953.4205343481345	0.20886579266827693	0.432200443546149
CD6	1	Placebo	-0.0678307916731749	0.07896295722433719	991.9023031841891	-0.22278442148752656	0.08712283814117674
CD6	4	Placebo	0.06224181153611979	0.0790088833942147	992.6654605918111	-0.09280179626671037	0.21728541933894996
CD6	7	Placebo	0.2130816818083395	0.08011157964302183	1027.2034748176388	0.055880643088841664	0.37028272052783734
SCF	1	Anakinra	0.458282264834496	0.056199305540126455	859.7090539682432	0.34797835946330014	0.5685861702056919
SCF	4	Anakinra	0.013015753387914213	0.05644185348094341	869.7294806880639	-0.09776240809013098	0.12379391486595942
SCF	7	Anakinra	0.034350640999498576	0.056574108787025006	876.5331079095924	-0.07668589631824074	0.1453871783172379
SCF	1	Placebo	0.40408480815438774	0.07833019314199839	907.8376752374207	0.2503554974924826	0.5578141188162928
SCF	4	Placebo	-0.05383157745692423	0.07837167856704995	908.6782229601152	-0.20764211667036842	0.09997896175651994
SCF	7	Placebo	-0.01039640668249038	0.0793010160905455	939.174539668044	-0.16602410346320573	0.14523129009822494
IL18	1	Anakinra	0.36374638420560745	0.05727930243916652	700.3816683200936	0.2512866729390214	0.4762060954721935
IL18	4	Anakinra	0.03148792650668078	0.057409194133585084	705.8233426339599	-0.081225304266814	0.14420115728017557
IL18	7	Anakinra	-0.26259937330578886	0.057472913558266225	708.7993801045359	-0.375436892597219	-0.1497618540143587
IL18	1	Placebo	0.2883894148368724	0.07913356469589078	722.5430564427647	0.13303023642572795	0.44374859324801685
IL18	4	Placebo	-0.022292257618969465	0.07915905470250491	723.2260023283814	-0.17770123312106195	0.13311671788312301
IL18	7	Placebo	-0.3150325514908391	0.0796410509133741	738.7671520776744	-0.4713822924493535	-0.15868281053232472
SLAMF1	1	Anakinra	0.2143705768604322	0.05728610605248041	1022.4138463315279	0.1019587984113525	0.32678235530951194
SLAMF1	4	Anakinra	0.03853726259535857	0.057615545680196376	1034.2190327901105	-0.07451944146025338	0.15159396665097052
SLAMF1	7	Anakinra	0.025295032633709427	0.05781115270835652	1043.782344138231	-0.08814428560264304	0.1387343508700619
SLAMF1	1	Placebo	0.10559869275134567	0.08042865111883685	1089.4807630898395	-0.052213886166543017	0.2634112716692344
SLAMF1	4	Placebo	-0.034187506183286004	0.08047878660065311	1090.1201562634585	-0.1920983551184872	0.12372334275191518
SLAMF1	7	Placebo	0.20456984273228854	0.08177519836340119	1126.8322480229454	0.04412105939832828	0.3650186260662488
TGF-alpha	1	Anakinra	-0.1998777087312128	0.05737754161732757	1022.4765893248182	-0.31246890180769715	-0.08728651565472847
TGF-alpha	4	Anakinra	-0.2431706850295624	0.05770753378826025	1034.2819391990004	-0.35640788563807607	-0.12993348442104874
TGF-alpha	7	Anakinra	-0.06322572564555237	0.05790347470802702	1043.8459790125626	-0.17684619370080554	0.05039474240970079
TGF-alpha	1	Placebo	-0.20994075281868127	0.08055723354637216	1089.5489099319882	-0.3680056179541552	-0.051875887683207306
TGF-alpha	4	Placebo	0.035308102772882405	0.0806074511174112	1090.1882185223453	-0.1228551933057819	0.1934713988515467
TGF-alpha	7	Placebo	0.1915055628201754	0.08190604934660106	1126.9008272988374	0.030800051021659253	0.3522110746186915
MCP-4	1	Anakinra	-0.2525727558129199	0.05693527525252922	798.3041345026351	-0.36433328825620803	-0.14081222336963173
MCP-4	4	Anakinra	0.11545625042989609	0.05714155072282157	806.9077194370989	0.0032926275013154677	0.22761987335847672
MCP-4	7	Anakinra	0.3980994320987353	0.05724988909222227	812.3174378379981	0.285724275080688	0.5104745891167826
MCP-4	1	Placebo	-0.2939046828421061	0.07910673494727752	837.1147859160421	-0.4491755311373058	-0.13863383454690636
MCP-4	4	Placebo	0.1325275503305215	0.07914384028392499	837.9649479640684	-0.02281590019413829	0.28787100085518125
MCP-4	7	Placebo	0.35704066335913004	0.079925118510463	863.6527415014513	0.2001704694825706	0.5139108572356894
CCL11	1	Anakinra	-0.26600741965843644	0.057519421871435716	902.429874438257	-0.3788948192251558	-0.15312002009171707
CCL11	4	Anakinra	0.05067839699984563	0.05779220671801244	913.189496021271	-0.06274257436138825	0.16409936836107952
CCL11	7	Anakinra	0.24289587518384506	0.05794458502643404	920.8671648257077	0.12917710973933128	0.35661464062835885
CCL11	1	Placebo	-0.27360280714735347	0.08033397618549154	956.4076779269922	-0.4312540155188715	-0.11595159877583544
CCL11	4	Placebo	0.055933687463163476	0.08037911329124131	957.2096334974713	-0.10180593265625794	0.2136733075825849
CCL11	7	Placebo	0.32781335097175984	0.08143220214671167	990.2745811990347	0.1680138565182386	0.48761284542528105
TNFSF14	1	Anakinra	-0.23815459410791096	0.0572626398233451	984.1122309092772	-0.35052550845006475	-0.12578367976575716
TNFSF14	4	Anakinra	-0.14811662416746896	0.05757503601799437	995.744266574868	-0.2610989525671763	-0.035134295767761586
TNFSF14	7	Anakinra	0.18218417185609026	0.05775711969196565	1004.8090894465431	0.06884577601381235	0.29552256769836815
TNFSF14	1	Placebo	-0.30640529163613467	0.08026662538404732	1047.5843837947255	-0.46390695819573374	-0.1489036250765356
TNFSF14	4	Placebo	0.007474504171011987	0.08031537622132182	1048.277424581483	-0.15012270228088487	0.16507171062290882
TNFSF14	7	Placebo	0.2557180290796252	0.0815375852060219	1084.4028461385465	0.09572872882242836	0.4157073293368221
MMP-1	1	Anakinra	-0.1644108200432414	0.05808472603061351	819.4400439289897	-0.27842319027398427	-0.050398449812498525
MMP-1	4	Anakinra	0.028950905298070716	0.05830969678388004	828.5793255712882	-0.08550118441462183	0.14340299501076326
MMP-1	7	Anakinra	0.250727568572571	0.058429436920581924	834.4845191043268	0.1360416363803645	0.3654135007647775
MMP-1	1	Placebo	-0.29520948220830906	0.08079375305959662	861.5698571621939	-0.4537850957545886	-0.13663386866202956
MMP-1	4	Placebo	-0.0022311563856942974	0.08083351074958159	862.4243320149872	-0.16088458206628448	0.1564222692948959
MMP-1	7	Placebo	0.13932457708606508	0.08168908187346977	889.9115708707083	-0.021001134456501952	0.2996502886286321
LIF-R	1	Anakinra	0.36039315439799097	0.05606628997961181	963.9507243905546	0.2503670963560554	0.4704192124399265
LIF-R	4	Anakinra	-0.12874583797570857	0.05636291914632095	975.4319431598243	-0.23935237273823473	-0.018139303213182426
LIF-R	7	Anakinra	-0.34965525230412825	0.056534077069901274	984.1932052124537	-0.46059644027292	-0.2387140643353365
LIF-R	1	Placebo	0.39390602791084306	0.07852141534073352	1025.3017842660938	0.23982499348450453	0.5479870623371816
LIF-R	4	Placebo	-0.09753771956015293	0.07856835104416285	1026.0236162816113	-0.2517107268096347	0.056635287689328837
LIF-R	7	Placebo	-0.2512130918803894	0.07972519779125162	1061.6222939808708	-0.4076499597191335	-0.09477622404164537
FGF-21	1	Anakinra	0.2617778159135725	0.05359936386113203	1120.8936864277377	0.15661143438414094	0.3669441974430041
FGF-21	4	Anakinra	0.31989560517268273	0.05394335308684764	1132.4867253177451	0.21405545952256566	0.4257357508227998
FGF-21	7	Anakinra	0.0300015281399148	0.05415683682817566	1142.802264932808	-0.07625645946148293	0.13625951574131254
FGF-21	1	Placebo	0.28104396587270325	0.07554827928151882	1194.322218139761	0.13282184893061594	0.42926608281479056
FGF-21	4	Placebo	0.31034135504134286	0.07559775545380708	1194.8601192308086	0.1620222359447483	0.4586604741379374
FGF-21	7	Placebo	0.16774834298837132	0.07697020138158657	1230.6241893179395	0.016741001572084885	0.31875568440465774
CCL19	1	Anakinra	0.3445805534159104	0.05724876824363486	788.0882079258115	0.23220244110876015	0.4569586657230606
CCL19	4	Anakinra	-0.018942861192991902	0.057448982783369934	796.4145239288862	-0.1317121769895832	0.0938264546035994
CCL19	7	Anakinra	-0.04409940894818257	0.05755344661453419	801.5797589070146	-0.15707267373804373	0.0688738558416786
CCL19	1	Placebo	0.5176234638517072	0.07949847020245936	825.2555932765963	0.361580470113507	0.6736664575899074
CCL19	4	Placebo	0.155268002679004	0.07953479994384975	826.1002878233671	-8.460661768460997e-4	0.3113820715348541
CCL19	7	Placebo	0.12716062884784254	0.08029159731727449	850.8657730961369	-0.030432181910565764	0.2847534396062509
IL-10RB	1	Anakinra	0.08131117813029853	0.05652733407748496	851.5263792515943	-0.02963806083321778	0.19226041709381486
IL-10RB	4	Anakinra	0.009392861553454687	0.05676640355840794	861.3824006265008	-0.1020237973836367	0.12080952049054608
IL-10RB	7	Anakinra	0.30086529540311	0.05689613841444486	868.0088375821368	0.1891952025392821	0.4125353882669379
IL-10RB	1	Placebo	0.07407390081050164	0.07875558378269457	898.4724220567603	-0.08049242401718973	0.228640225638193
IL-10RB	4	Placebo	0.09993787018946355	0.07879674208935655	899.3178446473829	-0.054709036152504595	0.2545847765314317
IL-10RB	7	Placebo	0.4045952170056407	0.07971138970293684	929.248181411556	0.24816000857310372	0.5610304254381777
IL-18R1	1	Anakinra	0.3710351619705324	0.05501404052827109	813.6737459279661	0.26304899529352743	0.4790213286475373
IL-18R1	4	Anakinra	-0.2637309931035707	0.05522343400167445	822.6719271071785	-0.37212640867342384	-0.1553355775337175
IL-18R1	7	Anakinra	-0.4777870564763041	0.055334484201560986	828.443419587749	-0.5863993322926083	-0.36917478065999987
IL-18R1	1	Placebo	0.37666101138222413	0.07649955015866722	854.909121458558	0.2265120753339652	0.526809947430483
IL-18R1	4	Placebo	-0.17876388814953434	0.0765367328483624	855.7633040821289	-0.32898559167298824	-0.028542184626080463
IL-18R1	7	Placebo	-0.31076736992973336	0.07733218596761167	882.7743494727812	-0.4625437637056832	-0.15899097615378352
PD-L1	1	Anakinra	0.2738623765724093	0.05654355361227026	853.0310500288138	0.16288158129258434	0.38484317185223427
PD-L1	4	Anakinra	-0.090150016067811	0.0567835989349004	862.9178594827763	-0.201600145710418	0.021300113574795984
PD-L1	7	Anakinra	-0.31389008676252106	0.05691397885039451	869.5770971926762	-0.42559491377027114	-0.20218525975477095
PD-L1	1	Placebo	0.2981185102920733	0.07878405803230781	900.1959881854484	0.14349670101504633	0.4527403195691003
PD-L1	4	Placebo	0.013819953770319908	0.07882533457483927	901.0405853747048	-0.14088266973298355	0.16852257727362338
PD-L1	7	Placebo	-0.21869110855636417	0.07974396800020594	931.0767576627703	-0.3751898517153602	-0.062192365397368166
CXCL5	1	Anakinra	0.027385787086239094	0.057758542666514937	874.1480442591885	-0.08597583558396389	0.14074740975644207
CXCL5	4	Anakinra	0.03389526055451809	0.05801641685446886	884.4405722552129	-0.07997064979974783	0.147761170908784
CXCL5	7	Anakinra	0.2710808923715917	0.05815820472069765	891.5495254873141	0.1569379492715844	0.38522383547159905
CXCL5	1	Placebo	0.0040055086376584	0.08055999574074715	924.3158096417278	-0.1540962065218863	0.16210722379720308
CXCL5	4	Placebo	0.048565044078623595	0.08060360361066142	925.1455916508015	-0.10962206697541003	0.2067521551326572
CXCL5	7	Placebo	0.32176661211942503	0.08159422573468453	956.5830375565438	0.1616422674013266	0.4818909568375235
TRANCE	1	Anakinra	-0.1815943070314061	0.052850076984918753	1019.8456295163602	-0.28530163304447953	-0.07788698101833272
TRANCE	4	Anakinra	0.18382821748205314	0.05315299609012359	1031.6437923135009	0.07952789274860127	0.288128542215505
TRANCE	7	Anakinra	0.5377828247161193	0.05333263768606397	1041.1770316782886	0.43313112084871563	0.6424345285835229
TRANCE	1	Placebo	-0.3089737311688885	0.07419267572562303	1086.689963105815	-0.45455084544342506	-0.16339661689435192
TRANCE	4	Placebo	-0.013869107558165866	0.07423885055903054	1087.332831297771	-0.15953672772592256	0.13179851260959083
TRANCE	7	Placebo	0.3030076630088407	0.07543044352788986	1124.0225169355224	0.15500734430078317	0.4510079817168982
HGF	1	Anakinra	-0.10049396847477757	0.0576215302194852	1037.6757715607894	-0.21356197444949732	0.012574037499942181
HGF	4	Anakinra	-0.15045369525658442	0.05795933025958523	1049.509265948797	-0.2641830528694443	-0.03672433764372454
HGF	7	Anakinra	-0.04792780086698802	0.05816134235004284	1059.240931269969	-0.16205234148328906	0.06619673974931303
HGF	1	Placebo	-0.09219428368993021	0.08095023101609757	1106.0088730979699	-0.2510276375799227	0.06663907020006227
HGF	4	Placebo	0.03229824270237801	0.0810011502538408	1106.6281907765947	-0.12663492295237005	0.1912314083571261
HGF	7	Placebo	0.10725529861163738	0.08233344998323787	1143.4234285325392	-0.0542862939387089	0.2687968911619837
IL-12B	1	Anakinra	0.9201771392829494	0.04688772745405374	1012.7600999510427	0.8281689240357343	1.0121853545301644
IL-12B	4	Anakinra	0.13101331544503414	0.04715397697817411	1024.5354890969982	0.03848390877330865	0.22354272211675963
IL-12B	7	Anakinra	0.0309954798701405	0.047311340251134246	1033.9832072836746	-0.0618417146653407	0.1238326744056217
IL-12B	1	Placebo	0.9318664270071114	0.06580319308741968	1078.9763431138883	0.802749701854489	1.060983152159734
IL-12B	4	Placebo	0.17257865587522653	0.06584396313686107	1079.6289188950568	0.04338202085335835	0.3017752908970947
IL-12B	7	Placebo	0.10320376508750516	0.06689019960498957	1116.2441902102091	-0.02804092549733099	0.2344484556723413
MMP-10	1	Anakinra	0.4713934872620125	0.05482768059951872	855.6209673032395	0.36378098260017194	0.5790059919238532
MMP-10	4	Anakinra	0.052270416311430194	0.05506194848718046	865.5601830562837	-0.055800137516809865	0.16034097013967025
MMP-10	7	Anakinra	-0.043932479617624094	0.05518938407966865	872.2756504975157	-0.15225198465609716	0.06438702542084898
MMP-10	1	Placebo	0.39999665960094194	0.07640305631363677	903.1611686178597	0.2500484736358518	0.5499448455660321
MMP-10	4	Placebo	0.08102661316440024	0.07644325613398328	904.004269220224	-0.06900028097526889	0.23105350730406937
MMP-10	7	Placebo	0.07896892109890677	0.07734020280675949	934.2207556845964	-0.0728117316637806	0.23074957386159414
IL10	1	Anakinra	0.5461980273076742	0.053238797878877316	1016.4453944295067	0.4417275018406638	0.6506685527746846
IL10	4	Anakinra	-0.18366186976870233	0.0535425902148027	1028.2332514784594	-0.2887270911891092	-0.07859664834829541
IL10	7	Anakinra	-0.4137166007197805	0.05372245873002656	1037.7259164709965	-0.5191336370041515	-0.3082995644354095
IL10	1	Placebo	0.6125246111467998	0.07472785216112136	1082.9908724471618	0.46589684232555334	0.7591523799680462
IL10	4	Placebo	-0.23143392777489566	0.07477426088084911	1083.638378215291	-0.37815265969903156	-0.08471519585075979
IL10	7	Placebo	-0.32296514281150013	0.07596868262384227	1120.2946624421465	-0.4720220625827062	-0.17390822304029405
TNF	1	Anakinra	0.24918940482013663	0.05768367091838856	955.3839026473685	0.13598807702627405	0.36239073261399923
TNF	4	Anakinra	0.03383558032334662	0.05798469667640733	966.7883872715495	-0.07995479288288598	0.14762595352957922
TNF	7	Anakinra	-0.0734424198708508	0.05815763524728222	975.4125560980849	-0.18757090648848257	0.04068606674678096
TNF	1	Placebo	0.2847814921257149	0.08075632906786713	1015.7879478012684	0.12631317619223387	0.44324980805919595
TNF	4	Placebo	0.125886422609772	0.08080424748330603	1016.5218621474033	-0.03267578716643432	0.28444863238597834
TNF	7	Placebo	0.0036038296548279933	0.08197663190943312	1051.851204464793	-0.15725251010137634	0.16446016941103234
CCL23	1	Anakinra	0.3747513287122306	0.056416133701098804	919.4258542811298	0.26403198697496427	0.48547067044949693
CCL23	4	Anakinra	-0.13304840466197898	0.05669264229812113	930.4247598699044	-0.24430867400827705	-0.021788135315680926
CCL23	7	Anakinra	-0.31382646364128974	0.05684853111378194	938.4239394465204	-0.4253914287569645	-0.20226149852561498
CCL23	1	Placebo	0.3147778133665012	0.07885481466732495	975.5702085703408	0.16003323313350581	0.46952239359949655
CCL23	4	Placebo	-0.13785052591364474	0.0788999898190668	976.3520646574269	-0.2926836037877948	0.0169825519605053
CCL23	7	Placebo	-0.23710177165765242	0.07997053958100493	1010.2557744652834	-0.39402915633648233	-0.08017438697882251
CD5	1	Anakinra	0.027904577231184446	0.054971615485058814	1001.13784153579	-0.07996822360382391	0.1357773780661928
CD5	4	Anakinra	0.15293179138767113	0.055278880927808305	1012.8650275425831	0.04445755258844834	0.2614060301868939
CD5	7	Anakinra	0.48853392968414244	0.05545947285938547	1022.1644769765569	0.37970649824995106	0.5973613611183338
CD5	1	Placebo	-0.05081733170565962	0.07711080853693067	1066.2799182967424	-0.2021234878185837	0.10048882440726443
CD5	4	Placebo	0.09325041909889516	0.07715821701640724	1066.9487315077927	-0.058148653672665404	0.2446494918704557
CD5	7	Placebo	0.3721988763423365	0.07836350620507475	1103.4018389561534	0.21844056615607638	0.5259571865285966
CCL3	1	Anakinra	-0.3156340295528002	0.05443801349850291	1156.2531191375626	-0.42244238026535474	-0.2088256788402456
CCL3	4	Anakinra	0.14875752133621095	0.05479892070438598	1167.548655354859	0.041242154212401544	0.2562728884600204
CCL3	7	Anakinra	0.4290099449775556	0.055026258268172736	1177.9267842255572	0.32104952908716144	0.5369703608679498
CCL3	1	Placebo	-0.27556165989121434	0.07683436106657791	1230.8468388869615	-0.4263024702257408	-0.12482084955668787
CCL3	4	Placebo	0.018505605008713212	0.0768853997370584	1231.3707586664577	-0.13233527457496888	0.1693464845923953
CCL3	7	Placebo	0.3714465970332307	0.07833190053153438	1265.9582556666662	0.21777196944153088	0.5251212246249305
Flt3L	1	Anakinra	0.16204133854049174	0.054128820174828694	1069.8981116257125	0.055830647758924726	0.26825202932205877
Flt3L	4	Anakinra	0.2106124968287627	0.05445833692311973	1081.7167458936115	0.10375655585302368	0.31746843780450174
Flt3L	7	Anakinra	0.48360622122855834	0.054658320012261875	1091.7435516503144	0.3763589848592186	0.5908534575978981
Flt3L	1	Placebo	0.1299650827106228	0.07614221602099298	1140.5769074512143	-0.01942945093997417	0.27935961636121975
Flt3L	4	Placebo	0.14946114497283222	0.07619094001264744	1141.1581149752021	-2.890651403272826e-5	0.29895119645969714
Flt3L	7	Placebo	0.39576966268003205	0.07749657034190903	1177.8493795495	0.24372293457171648	0.5478163907883477
CXCL6	1	Anakinra	-0.17914911557638574	0.05718490391344476	936.7174003770507	-0.2913744747033502	-0.06692375644942128
CXCL6	4	Anakinra	-0.07483045927331772	0.057474079798606255	947.9282769512329	-0.18762160020667507	0.03796068166003963
CXCL6	7	Anakinra	0.20734514279835037	0.057638611698249166	956.237718361519	0.0942323695861348	0.32045791601056595
CXCL6	1	Placebo	-0.10603872738100752	0.07999184336458559	994.9664696423802	-0.26301081006275207	0.050933355300737046
CXCL6	4	Placebo	0.04763691621519455	0.08003849376017984	995.7259864003629	-0.10942656501024564	0.20470039744063476
CXCL6	7	Placebo	0.3065917349715152	0.08116131136992721	1030.3746313991476	0.14733141097239194	0.46585205897063847
CXCL10	1	Anakinra	0.6117942910027703	0.050446327155706266	951.223470756139	0.5127953402223051	0.7107932417832354
CXCL10	4	Anakinra	-0.17012220347224027	0.05070779385962834	962.5879478723136	-0.26963277573002115	-0.0706116312144594
CXCL10	7	Anakinra	-0.5494501843561559	0.05085768536220021	971.1438466356166	-0.6492538014617483	-0.4496465672505635
CXCL10	1	Placebo	0.8403976711523203	0.07061122409426626	1011.157977411882	0.7018363593838401	0.9789589829208005
CXCL10	4	Placebo	-0.10674122862533025	0.0706529680713952	1011.8976974363494	-0.2453843336775522	0.031901876426891684
CXCL10	7	Placebo	-0.46185851225532754	0.07167060135836549	1047.086456093888	-0.6024928707108628	-0.32122415379979236
4E-BP1	1	Anakinra	0.15118662877558486	0.05796930433099368	1012.1671441237743	0.03743285441280962	0.2649404031383601
4E-BP1	4	Anakinra	-0.08836749848188193	0.05829821988396627	1023.9404008679443	-0.20276513256198347	0.02603013559821961
4E-BP1	7	Anakinra	-0.06708857677167852	0.05849256595168758	1033.3807934397992	-0.1818663320649806	0.04768917852162355
4E-BP1	1	Placebo	0.19308942748950642	0.0813532968953033	1078.3298992553748	0.03346072477530346	0.35271813020370935
4E-BP1	4	Placebo	0.04940383817079316	0.08140368210696308	1078.9832947454304	-0.11032362002424298	0.2091312963658293
4E-BP1	7	Placebo	0.10710434673729421	0.08269605169360425	1115.5914994908692	-0.05515297457095339	0.26936166804554185
SIRT2	1	Anakinra	0.0016089616476306877	0.05682793985251146	1355.2099389056775	-0.1098713174831692	0.11308924077843058
SIRT2	4	Anakinra	-0.0951105232223535	0.05726076535563	1362.8504981825088	-0.207439320142552	0.017218273697844996
SIRT2	7	Anakinra	0.08149387574938713	0.05755494474031289	1371.1596043483646	-0.03141140652135935	0.1943991580201336
SIRT2	1	Placebo	-0.015741462501989986	0.08081063647398978	1422.8347146834797	-0.17426224667303356	0.14277932166905358
SIRT2	4	Placebo	-0.09559523029254151	0.08086918576705583	1423.589886618629	-0.2542307950253156	0.06304033444023256
SIRT2	7	Placebo	0.01570659824106888	0.08264107782325888	1444.3501956759183	-0.14640278355548556	0.1778159800376233
DNER	1	Anakinra	-0.06910635964766584	0.055880308478520796	918.6034292944518	-0.17877424835728634	0.04056152906195465
DNER	4	Anakinra	0.040289313634925675	0.056153769134017505	929.5914650255562	-0.0699135366837107	0.15049216395356205
DNER	7	Anakinra	0.3564407635685525	0.056307871579965044	937.5754568590264	0.24593671100808184	0.4669448161290231
DNER	1	Placebo	-0.07022078608000043	0.07810294024514414	974.6451479301123	-0.22349006967681684	0.08304849751681598
DNER	4	Placebo	0.018745972696484453	0.078147644655847	975.4280235457875	-0.1346108858428599	0.1721028312358288
DNER	7	Placebo	0.28319887876053756	0.07920624739623555	1009.2935725051655	0.1277710983237041	0.43862665919737104
EN-RAGE	1	Anakinra	-0.19920746649441246	0.05720906170480778	1048.0821516704675	-0.3114648034366817	-0.08695012955214323
EN-RAGE	4	Anakinra	-0.1762272222855897	0.05754869152152071	1059.921851788582	-0.28914953272466537	-0.06330491184651403
EN-RAGE	7	Anakinra	0.07476075489342922	0.05775277781506635	1069.7579400884124	-0.03856082345868052	0.18808233324553897
EN-RAGE	1	Placebo	-0.13375776882907003	0.08040473430110665	1117.2221543550543	-0.2915190628679313	0.024003525209791182
EN-RAGE	4	Placebo	0.019994339573512643	0.08045560510651717	1117.828452632496	-0.13786667468672834	0.17785535383375364
EN-RAGE	7	Placebo	0.15020496487731083	0.08179714227754904	1154.6314463681847	-0.01028271929749508	0.31069264905211674
CD40	1	Anakinra	-0.03958019432615068	0.05672270544209752	984.8338452868785	-0.15089145317128175	0.0717310645189804
CD40	4	Anakinra	-0.08206649115074804	0.057032483564455005	996.4705094814743	-0.19398404288896504	0.02985106058746896
CD40	7	Anakinra	0.2520243068803901	0.057213105668653085	1005.5456876018433	0.13975354400735923	0.364295069753421
CD40	1	Placebo	-0.1466210883544607	0.0795122324141626	1048.3790599785725	-0.302642324792187	0.009400148083265641
CD40	4	Placebo	-0.0424332500643537	0.07956055111540956	1049.0710683649352	-0.19854917985166065	0.11368267972295326
CD40	7	Placebo	0.13871097400544252	0.0807726531423603	1085.2125547142948	-0.019777279600152214	0.29719922761103723
IFN-gamma	1	Anakinra	0.7360320754028056	0.05145882748216061	1087.9654898712304	0.6350622998449271	0.837001850960684
IFN-gamma	4	Anakinra	-0.027852341123017543	0.051778290551754584	1099.7321728152572	-0.12944773950909544	0.07374305726306037
IFN-gamma	7	Anakinra	-0.2316192148308121	0.05197373846015938	1109.8870592480562	-0.3335970781421046	-0.1296413515195196
IFN-gamma	1	Placebo	0.7981912053355293	0.07243816194457729	1159.7573774203183	0.6560666932105441	0.9403157174605146
IFN-gamma	4	Placebo	-0.05572054404507351	0.07248491945772613	1160.320514261989	-0.19793672284595268	0.08649563475580566
IFN-gamma	7	Placebo	-0.23253884888674942	0.0737538884790715	1196.789122891609	-0.37724015417576506	-0.08783754359773374
FGF-19	1	Anakinra	0.24771377495108146	0.05590698077787743	1208.7058431878957	0.1380282719989141	0.3573992779032488
FGF-19	4	Anakinra	-0.15378507024936763	0.05629392977012277	1219.35513129536	-0.26422877266212597	-0.0433413678366093
FGF-19	7	Anakinra	-0.02520126270543957	0.056542896231331796	1229.6027648381605	-0.13613249668007674	0.0857299712691976
FGF-19	1	Placebo	0.272038271047685	0.07906387263502493	1283.8162375604936	0.11692969629769426	0.4271468457976758
FGF-19	4	Placebo	0.006592406208065546	0.07911745176782731	1284.3486915380868	-0.14862122008852086	0.16180603250465198
FGF-19	7	Placebo	0.1460430196164481	0.08067819273371049	1316.4217993919192	-0.012228850925123186	0.3043148901580194
MCP-2	1	Anakinra	0.5878979974855825	0.05274980116139253	828.085144179626	0.48435895375296356	0.6914370412182014
MCP-2	4	Anakinra	-0.1521196532455389	0.05295931311348759	837.4289179375638	-0.25606823627815123	-0.048171070212926576
MCP-2	7	Anakinra	-0.42817610704571285	0.05307141979454694	843.5323429283587	-0.5323436422788789	-0.32400857181254683
MCP-2	1	Placebo	0.7651426552630768	0.07340578606956652	871.539834595733	0.6210698797813439	0.9092154307448097
MCP-2	4	Placebo	-0.029541764966114485	0.07344254854496275	872.393587758662	-0.17368649760839372	0.11460296767616474
MCP-2	7	Placebo	-0.37152100745166505	0.07424063471817234	900.5737624039958	-0.5172257993323583	-0.22581621557097176
CASP-8	1	Anakinra	-0.04354104849185684	0.05764683056123378	1084.179242503626	-0.15665303464671163	0.06957093766299793
CASP-8	4	Anakinra	-0.050574078498514786	0.05800327303495154	1095.9593787421923	-0.1643840926842447	0.06323593568721514
CASP-8	7	Anakinra	0.20793905419919953	0.05822098022945587	1106.0897166239934	0.09370302670319841	0.32217508169520065
CASP-8	1	Placebo	-0.019274445055098812	0.08113685729224564	1155.7502253414423	-0.1784664747368436	0.13991758462664597
CASP-8	4	Placebo	0.003240676713220354	0.08118913709293862	1156.3169227677713	-0.15605384507388806	0.16253519850032874
CASP-8	7	Placebo	0.10955439236830593	0.08260425912946906	1192.8418905889953	-0.0525114241781464	0.27162020891475824
CCL25	1	Anakinra	0.21604169493834355	0.05787320418651026	873.3703953947147	0.10245488800022058	0.32962850187646653
CCL25	4	Anakinra	0.1193104934649482	0.05813113360860627	883.6488515475713	0.005219294216590745	0.23340169271330563
CCL25	7	Anakinra	0.07349296020765744	0.05827288889102053	890.7416077397073	-0.040875206313241694	0.1878611267285566
CCL25	1	Placebo	0.19926794354749675	0.08071689649381748	923.4299161357085	0.04085810610269261	0.35767778099230085
CCL25	4	Placebo	-0.05654557508954837	0.08076054023301509	924.2603435014906	-0.21504087806586508	0.10194972788676833
CCL25	7	Placebo	-0.06749370571611543	0.08175123757708455	955.6489872288059	-0.22792637650578765	0.09293896507355678
CX3CL1	1	Anakinra	0.07967056631385284	0.058504713751683896	843.7650470223247	-0.035161285549185156	0.19450241817689085
CX3CL1	4	Anakinra	-0.008243277773558322	0.05874725111588601	853.4582626272787	-0.12354929580322677	0.10706274025611012
CX3CL1	7	Anakinra	-0.030336887809163104	0.0588782634089418	859.9139889896584	-0.14589881781924358	0.08522504220091737
CX3CL1	1	Placebo	0.14615916927739142	0.08147897507652269	889.5718587320555	-0.013754262838679726	0.3060726013934626
CX3CL1	4	Placebo	0.007941015117168451	0.08152099205843326	890.4210062419623	-0.152054673094424	0.16793670332876093
CX3CL1	7	Placebo	-0.022562458540300145	0.08244758543801223	919.7928928027857	-0.1843696755044282	0.1392447584238279
TNFRSF9	1	Anakinra	0.1264107017872304	0.05376107142034852	899.1876916887901	0.02089891566420328	0.23192248791025755
TNFRSF9	4	Anakinra	0.16950568677998193	0.05401436779865319	909.8981549227182	0.06349846156450444	0.2755129119954594
TNFRSF9	7	Anakinra	0.5363926770329163	0.05415560779661462	917.5127089152444	0.4301094326274832	0.6426759214383494
TNFRSF9	1	Placebo	0.007718452161497233	0.07507355965008874	952.7414962274261	-0.13961018342555032	0.15504708774854475
TNFRSF9	4	Placebo	0.1269804009890107	0.07511557510494411	953.5470301660621	-0.02043052972673079	0.27439133170475216
TNFRSF9	7	Placebo	0.4825774528654077	0.0760928835991119	986.4400419513446	0.3332549262569384	0.631899979473877
TWEAK	1	Anakinra	-0.027312721182014513	0.05706139443995343	991.2338768956243	-0.13928772548441035	0.08466228312038132
TWEAK	4	Anakinra	-0.007628958523114619	0.05737592364033072	1002.9092788495549	-0.1202195800046938	0.10496166295846454
TWEAK	7	Anakinra	0.29569945579080453	0.0575598944819702	1012.0747197689648	0.18274905832326455	0.4086498532583445
TWEAK	1	Placebo	-0.19940186628480067	0.08000876873399476	1055.4182890777545	-0.3563962106379883	-0.04240752193161304
TWEAK	4	Placebo	0.021052317663751853	0.08005761789810668	1056.1011553891494	-0.13603776260003297	0.17814239792753667
TWEAK	7	Placebo	0.33238712071116794	0.08128952927732468	1092.3766887765196	0.17288584531846748	0.49188839610386836
CCL20	1	Anakinra	0.2366832915626996	0.05607452004732732	946.1760476325934	0.12663848371962866	0.34672809940577054
CCL20	4	Anakinra	-0.10635354657888789	0.05636272003810171	957.4895714941343	-0.21696226559654708	0.004255172438771285
CCL20	7	Anakinra	-0.1490317923173087	0.05652750694789243	965.9611860288948	-0.25996266520494876	-0.03810091942966866
CCL20	1	Placebo	0.38544331441767604	0.07847166265835931	1005.5325652736037	0.23145633073347452	0.5394302981018776
CCL20	4	Placebo	-0.004755681165266441	0.07851784038837863	1006.2792599589458	-0.15883314282880404	0.14932178049827113
CCL20	7	Placebo	0.055131150121175976	0.07963860213160626	1041.2888849982146	-0.10113928251423931	0.21140158275659127
ST1A1	1	Anakinra	-0.30901723583854873	0.055409696361992486	1070.0060013609695	-0.41774122863119373	-0.20029324304590373
ST1A1	4	Anakinra	0.0024058230596704436	0.05574705115624983	1081.8244176848536	-0.10697876854522592	0.1117904146645668
ST1A1	7	Anakinra	0.42754712395313926	0.055951801069368194	1091.8520697076228	0.31776190971090473	0.5373323381953738
ST1A1	1	Placebo	-0.34722180337691455	0.07794434056672807	1140.6918832702827	-0.5001521719869728	-0.19429143476685623
ST1A1	4	Placebo	-0.06588268839984353	0.07799422042608604	1141.2729750904139	-0.2189108408202866	0.08714546402059954
ST1A1	7	Placebo	0.1785861766557509	0.07933092732684956	1177.9632585974268	0.022940492141455437	0.3342318611700464
STAMBP	1	Anakinra	-0.00616340279261215	0.057714072421164796	1113.592399858464	-0.11940398513478928	0.10707717954956497
STAMBP	4	Anakinra	-0.08939588304010493	0.05808184738996096	1125.2326424769715	-0.20335679268986478	0.02456502660965494
STAMBP	7	Anakinra	0.11029411430479069	0.058309379311767044	1135.5208782204002	-0.0041121137737430424	0.22470034238332443
STAMBP	1	Placebo	-0.012738521329542896	0.08132497627832824	1186.702813698893	-0.17229528120997792	0.14681823855089213
STAMBP	4	Placebo	-0.08761397179166105	0.08137807150857791	1187.2453672026236	-0.24727482816654123	0.07204688458321912
STAMBP	7	Placebo	0.0840828083709536	0.08284400320258692	1223.1986000609675	-0.07844927828676636	0.24661489502867356
ADA	1	Anakinra	0.14751121283656626	0.05795720973871199	1049.5334327424796	0.03378601919021314	0.2612364064829194
ADA	4	Anakinra	-0.02246103377660242	0.05830187445055893	1061.3731600366243	-0.136861064436246	0.09193899688304114
ADA	7	Anakinra	-0.04719538134593663	0.05850912443884909	1071.2231304389704	-0.16200087310329056	0.06761011041141732
ADA	1	Placebo	0.09189056194527456	0.08146100066379934	1118.782270630452	-0.06794297963398671	0.25172410352453584
ADA	4	Placebo	0.06386647536347465	0.08151258042198929	1119.3868026210168	-0.09606817662865427	0.22380112735560356
ADA	7	Placebo	0.0034848960339910404	0.08287428960253902	1156.1877355712443	-0.15911594379445065	0.16608573586243275
TNFB	1	Anakinra	0.22990323081768205	0.05406845418746385	937.7349447050799	0.1237940524333192	0.3360124092020449
TNFB	4	Anakinra	0.3169423638190164	0.054342356161866986	948.9573136495436	0.210297283517944	0.42358744412008886
TNFB	7	Anakinra	0.34335369457866105	0.05449828079811408	957.2844624103215	0.23640380539067846	0.45030358376664364
TNFB	1	Placebo	0.2400773697310107	0.07563590996150887	996.1046594810834	0.091653364354574	0.3885013751074474
TNFB	4	Placebo	0.16173385961392958	0.0756800638300526	996.8628144581091	0.013223346369512029	0.31024437285834716
TNFB	7	Placebo	0.1864613403604223	0.07674375361151108	1031.5518746089988	0.03586965504649145	0.33705302567435313
CSF-1	1	Anakinra	0.5947423505153518	0.05219268498189591	1257.2552174685604	0.4923479938657286	0.6971367071649751
CSF-1	4	Anakinra	-0.10452369988789575	0.05256688568713092	1267.096880972901	-0.20765141133162351	-0.0013959884441680087
CSF-1	7	Anakinra	-0.2950313980317563	0.05281222736745465	1276.9700285681793	-0.39863966418776936	-0.19142313187574328
CSF-1	1	Placebo	0.5998003659895235	0.07394508888780507	1331.4430228424185	0.45473878698103876	0.7448619449980082
CSF-1	4	Placebo	-0.013607272752532717	0.07399615989384342	1332.0175626930425	-0.1587689832007669	0.1315544376957015
CSF-1	7	Placebo	-0.03173608357788116	0.07551369268893889	1360.9937075545265	-0.17987194038138618	0.11639977322562386
