Assay	Day	srf14	emmean	SE	df	lower.CL	upper.CL
IL8	1	No	-0.24227829289494918	0.052941681109194186	1150.9739010818162	-0.34615131208592065	-0.1384052737039777
IL8	4	No	-0.03891110597412249	0.05286148107643317	1147.2200999632707	-0.14262712775983338	0.06480491581158838
IL8	7	No	0.17653888251404765	0.05356365612602476	1175.6992441277225	0.0714478579160772	0.2816299071120181
IL8	1	Yes	-0.04665331239687835	0.09482389044485874	1156.9871026898477	-0.23269934830229388	0.13939272350853715
IL8	4	Yes	0.33740835226702937	0.09778120543145394	1211.1469337255758	0.14556899910561402	0.5292477054284447
IL8	7	Yes	0.37292171804591784	0.09715721559426561	1199.749543963634	0.18230477449949042	0.5635386615923452
VEGFA	1	No	0.06376083200703932	0.05500732907815079	841.0700960892339	-0.04420692191730993	0.17172858593138857
VEGFA	4	No	-0.05228378178198572	0.05496251875287588	838.7374523565799	-0.1601640148806833	0.05559645131671186
VEGFA	7	No	0.036559215836682125	0.05538175384762162	858.7261966168439	-0.07214023398907651	0.14525866566244075
VEGFA	1	Yes	0.12988475467176916	0.09838389180398847	846.78280458504	-0.06322014114938679	0.3229896504929251
VEGFA	4	Yes	0.23309914013288138	0.10027877248458399	892.9387059190052	0.03628959158877987	0.4299086886769829
VEGFA	7	Yes	0.21409154673740285	0.09988281408940576	883.098427664868	0.018056150931076848	0.41012694254372883
CD8A	1	No	0.3155320646194312	0.05352197333889867	962.2363081273592	0.2104988095665143	0.42056531967234806
CD8A	4	No	0.05116172312295128	0.0534622838537407	959.0523522418563	-0.05375483401263377	0.15607828025853632
CD8A	7	No	0.09035970312751199	0.05400400481075669	984.8351146092168	-0.015616443492765975	0.19633584974778995
CD8A	1	Yes	0.2155437710394631	0.09579240662774406	968.8875073545635	0.02755927298945343	0.40352826908947276
CD8A	4	Yes	-0.10511009710960229	0.09816716899931682	1023.9117183850694	-0.29774191798680205	0.08752172376759745
CD8A	7	Yes	-0.15278156963748352	0.09766860437763931	1012.1779204160492	-0.3444376947421177	0.03887455546715066
MCP-3	1	No	0.17433031099862362	0.04990664845897047	959.5628640232796	0.07639154300929678	0.27226907898795044
MCP-3	4	No	-0.29335198992212963	0.04985130125466179	956.3943397080511	-0.3911825517061364	-0.19552142813812284
MCP-3	7	No	-0.523538326718786	0.0503539144190022	982.0807397473498	-0.6223519656649232	-0.4247246877726487
MCP-3	1	Yes	0.616646879482489	0.0893206197340319	966.2049931133172	0.4413621073012986	0.7919316516636794
MCP-3	4	Yes	0.4954346206525222	0.09152532525338848	1021.1167419026725	0.3158353987223813	0.6750338425826631
MCP-3	7	Yes	0.3779498833743213	0.09106250457189798	1009.4060912597243	0.19925638964508244	0.5566433771035602
CDCP1	1	No	0.34426312543577686	0.052805496360416704	839.0199337948492	0.24061673851805712	0.44790951235349663
CDCP1	4	No	-0.1056880416346756	0.05276276714052947	836.7039653596498	-0.20925097394335057	-0.002125109326000643
CDCP1	7	No	-0.018960803400883797	0.053162762960208707	856.5711842193522	-0.12330534295445338	0.08538373615268578
CDCP1	1	Yes	0.4631024285736592	0.09444452423748066	844.7074035714704	0.2777289510999401	0.6484759060473783
CDCP1	4	Yes	-0.05958341246036089	0.09625345905666036	890.6453517357944	-0.2484934435545645	0.12932661863384273
CDCP1	7	Yes	0.2176717683628247	0.09587549431654203	880.8522289886399	0.02950069584844106	0.40584284087720834
CD244	1	No	0.2513430315101671	0.050677107592680626	934.3691158277454	0.15188889760439014	0.3507971654159441
CD244	4	No	0.16442571617543303	0.050623919523387836	931.35428574412	0.06507554706457602	0.26377588528629003
CD244	7	No	0.43642481762828	0.051109732301688714	956.0595161600502	0.3361246064669228	0.5367250287896372
CD244	1	Yes	-0.020057829115407447	0.0906880731935411	940.9001808708175	-0.19803212568607137	0.1579164674552565
CD244	4	Yes	-0.3489152358931826	0.09283191699215172	994.5713069101731	-0.5310841394728147	-0.16674633231355046
CD244	7	Yes	-0.3108251002823581	0.0923822671443173	983.1193870374501	-0.4921142055246043	-0.12953599504011196
IL7	1	No	-0.02893180522940491	0.053938558404759265	1029.3785474974686	-0.1347738858729986	0.07691027541418877
IL7	4	No	-0.0526203706529878	0.0538702743605158	1025.8677378494722	-0.15832888533541506	0.05308814402943944
IL7	7	No	-0.0049061942633049395	0.05448128354442007	1053.5619662743038	-0.11181036023154799	0.10199797170493811
IL7	1	Yes	-0.11388994681024436	0.09656708511591737	1036.0884988545627	-0.30337931386141276	0.07559942024092403
IL7	4	Yes	0.1257859494707345	0.09920533605303065	1092.7572476998325	-0.06886853622472755	0.3204404351661965
IL7	7	Yes	0.01090325343828603	0.09865029854672093	1080.707019834008	-0.1826645656801178	0.20447107255668984
OPG	1	No	0.30635319462122745	0.046455749327531125	1013.9271507672496	0.21519277953700777	0.39751360970544714
OPG	4	No	-0.10337074406108993	0.0463985078157097	1010.480692148533	-0.19441920489074094	-0.012322283231438927
OPG	7	No	-0.3064922525237721	0.046912304179163436	1037.8236483400697	-0.39854603496322133	-0.21443847008432287
OPG	1	Yes	0.6491571823535343	0.08316506574293991	1020.6521856486856	0.48596312513007234	0.8123512395769962
OPG	4	Yes	0.44765439513737804	0.08539109269424944	1077.1407637640025	0.28010265747774815	0.615206132797008
OPG	7	Yes	0.22209972563908012	0.08492298970689442	1065.118864683052	0.05546436934028637	0.38873508193787387
LAP TGF-beta-1	1	No	-0.023514457609707246	0.053978690560847496	1060.0743559953182	-0.12943167812310813	0.08240276290369365
LAP TGF-beta-1	4	No	-0.04060712385678421	0.053906814094521464	1056.4566226437528	-0.14638372208789288	0.06516947437432447
LAP TGF-beta-1	7	No	0.2223901129012042	0.05454616002885144	1084.6855657967635	0.11536217712017935	0.329418048682229
LAP TGF-beta-1	1	Yes	-0.1674718464174146	0.09665080135541759	1066.7043362440481	-0.35711912030536697	0.022175427470537773
LAP TGF-beta-1	4	Yes	-1.971913782031643e-4	0.09939332988581517	1123.3884133400375	-0.19521465068208033	0.19482026792567397
LAP TGF-beta-1	7	Yes	0.044527647096980774	0.09881586878456484	1111.358605555695	-0.1493590520754029	0.23841434626936447
uPA	1	No	0.35377768317293956	0.05225344739163171	1028.6146514784882	0.25124215773024383	0.4563132086156353
uPA	4	No	-0.15621110907167757	0.05218738327754645	1025.1068617180717	-0.25861741149953615	-0.053804806643818995
uPA	7	No	-0.1035243878822526	0.05277861819992803	1052.7850009819758	-0.20708764083147546	3.886506697026171e-5
uPA	1	Yes	0.6369697530221681	0.09354990676641275	1035.3257466347018	0.45340070490095974	0.8205388011433764
uPA	4	Yes	0.14349173406050802	0.09610319947368487	1091.9883252079344	-0.04507608111228631	0.3320595492333024
uPA	7	Yes	0.13414682392750898	0.09556604726944216	1079.9388845295116	-0.053369345575475596	0.32166299343049354
IL6	1	No	0.33185450347112705	0.04779363894373315	1011.1920059171533	0.2380684358294629	0.4256405711127912
IL6	4	No	-0.21492635066096738	0.047735037369235386	1007.7576444196861	-0.3085978062294756	-0.12125489509245918
IL6	7	No	-0.5804691577063101	0.04826133603147228	1035.032794064086	-0.6751703793037851	-0.4857679361088352
IL6	1	Yes	0.806893166335171	0.08555914651426713	1017.9179412588337	0.6390006906250663	0.9747856420452758
IL6	4	Yes	0.5590775319895799	0.0878407206425268	1074.3624341316831	0.38671870940784475	0.731436354571315
IL6	7	Yes	0.44962039491024475	0.08736097590503944	1062.3482829834766	0.278200728846408	0.6210400609740815
MCP-1	1	No	0.008378455362402934	0.052123251615459526	1109.4169526435523	-0.093892815570267	0.11064972629507287
MCP-1	4	No	-0.09947994172209146	0.05204855718739479	1105.6900088813543	-0.20160503032576677	0.0026451468815838486
MCP-1	7	No	-0.01854795093243669	0.052707076463177065	1134.3084088555108	-0.12196226883143733	0.08486636696656395
MCP-1	1	Yes	0.4052848932132845	0.09334534281542649	1115.7813633983865	0.22213270913081615	0.5884370772957528
MCP-1	4	Yes	0.5940977625094379	0.09614159574042885	1171.560500485006	0.40546882424259045	0.7827267007762854
MCP-1	7	Yes	0.5728453537320426	0.09555210995582603	1159.7708576370562	0.3853710103676293	0.7603196970964559
CXCL11	1	No	0.5177800831928173	0.051179616268956646	970.3470714470955	0.41734460283171276	0.6182155635539219
CXCL11	4	No	-0.15544117154948114	0.05112157888264021	967.1173685774879	-0.2557631770618854	-0.05511916603707691
CXCL11	7	No	-0.31865346011632534	0.05164735802274159	993.1832228833108	-0.42000393213096127	-0.2173029881016894
CXCL11	1	Yes	0.650069975114028	0.09160367616358374	977.0226115487844	0.4703073784932996	0.8298325717347563
CXCL11	4	Yes	0.025884501653724884	0.09390420215296831	1032.3656751997917	-0.15838038376492503	0.2101493870723748
CXCL11	7	Yes	-0.08404907810516274	0.09342109254584796	1020.5666691651743	-0.2673684623116084	0.09927030610128293
AXIN1	1	No	-0.1721429995517774	0.05328932894807741	1123.0435195198359	-0.27670085060314864	-0.06758514850040616
AXIN1	4	No	0.010787946435195749	0.05321151458227635	1119.3009418192019	-0.09361760334929602	0.11519349621968751
AXIN1	7	No	0.29882561407922986	0.05389594433608562	1147.921643291648	0.1930800084854622	0.40457121967299753
AXIN1	1	Yes	-0.35083000301226647	0.09543801137574814	1129.3054115304535	-0.5380857609581207	-0.16357424506641227
AXIN1	4	Yes	-0.15881540365693783	0.0983363951847729	1184.6382422709023	-0.35174831590032596	0.03411750858645027
AXIN1	7	Yes	0.09571476179659645	0.09772519369149286	1172.9585265593025	-0.09602094494670625	0.28745046853989914
TRAIL	1	No	-0.02400869319801839	0.051869744414541286	1055.6534252328465	-0.12578821764965015	0.07777083125361337
TRAIL	4	No	0.21874530318887392	0.05180116002996968	1052.0493198128506	0.11709995626678552	0.32039065011096235
TRAIL	7	No	0.4263163470850913	0.052411732902028364	1080.214828664861	0.3234760093840655	0.5291566847861171
TRAIL	1	Yes	-0.2528390407762805	0.09287306443330566	1062.2989952421442	-0.4350745340162757	-0.07060354753628528
TRAIL	4	Yes	-0.23918828562362826	0.09549461463727234	1119.008633696688	-0.42655695272842464	-0.051819618518831906
TRAIL	7	Yes	-0.1278600915865703	0.09494269102769042	1106.9696769527375	-0.3141480306695714	0.058427847496430846
CXCL9	1	No	0.011929593195910762	0.05227529359254031	972.1134508238863	-0.0906558244295806	0.11451501082140213
CXCL9	4	No	-0.14134894046660496	0.052215801218343	968.8740011507844	-0.24381803691175546	-0.03887984402145446
CXCL9	7	No	-0.031835042588763754	0.052754552031270205	994.9996516040984	-0.1353579921625998	0.07168790698507228
CXCL9	1	Yes	0.4606716105369231	0.09356555511676108	978.793659229816	0.27705944452716014	0.6442837765466861
CXCL9	4	Yes	0.3010651473277914	0.09592187363881347	1034.201720941849	0.11284144893000822	0.4892888457255745
CXCL9	7	Yes	0.5104684961217675	0.09542701886577874	1022.3895114756319	0.32321329683177397	0.6977236954117609
CST5	1	No	-0.1331461027740365	0.05393336223561483	798.8921129833718	-0.23901394159922024	-0.02727826394885273
CST5	4	No	-0.026114432329372612	0.053895610199513645	796.913915616011	-0.13190856471214377	0.07967970005339853
CST5	7	No	0.22443610097781513	0.05425321190723464	814.2609868915439	0.11794346685402629	0.330928735101604
CST5	1	Yes	-0.37072200010664785	0.09643521905997657	804.0223568491535	-0.5600165103351213	-0.1814274898781744
CST5	4	Yes	-0.40955860698189805	0.09807080176081073	845.2278688873777	-0.6020494861007869	-0.21706772786300924
CST5	7	Yes	-0.18561742998575262	0.09772969162039642	836.4601554026858	-0.3774416700681471	0.006206810096641868
OSM	1	No	-0.24620750115449735	0.05376326107595674	998.5249997734436	-0.3517094383267268	-0.1407055639822679
OSM	4	No	-0.16160724953411992	0.053698854328460034	995.1493598853907	-0.2669832323880545	-0.05623126668018534
OSM	7	No	-0.05402170615912401	0.05427881067770189	1022.0886791286395	-0.1605323482931909	0.052488935974942905
OSM	1	Yes	-0.1988240607985296	0.09624048580618397	1005.2481339537329	-0.3876793324826592	-0.009968789114399995
OSM	4	Yes	0.07992053458135459	0.0987617912592141	1061.4402468441938	-0.11386999512796206	0.27371106429067127
OSM	7	Yes	0.2089409748509033	0.09823184212483088	1049.4727936769382	0.016187802924843592	0.401694146776963
CXCL1	1	No	0.23833967944090573	0.05399589541683581	1000.3573531394576	0.132381469527298	0.34429788935451344
CXCL1	4	No	-0.07188138721055226	0.05393098876179601	996.9729475753778	-0.17771266350618015	0.033949889085075624
CXCL1	7	No	0.06662681426172062	0.054515222381990816	1023.9630535704414	-0.04034750349604978	0.173601132019491
CXCL1	1	Yes	0.233906548823808	0.09665770673486125	1007.0816032446586	0.0442329696447219	0.42358012800289413
CXCL1	4	Yes	0.10579046468779962	0.09919656256354085	1063.3151477398123	-0.08885278211277786	0.3004337114883771
CXCL1	7	Yes	0.12648798883876936	0.09866289447875137	1051.3398346707543	-0.0671106086949643	0.320086586372503
CCL4	1	No	-0.36213569997197503	0.0525028094522368	931.7089688607807	-0.4651731665133178	-0.25909823343063226
CCL4	4	No	0.032765101680397674	0.052448039759953886	928.7112115228108	-0.07016531076223805	0.13569551412303338
CCL4	7	No	0.3443653701074174	0.052948612894533204	953.3052396929589	0.24045607017975945	0.4482746700350754
CCL4	1	Yes	-0.3755534480798948	0.0939539194955108	938.2255982799348	-0.5599376073047372	-0.19116928885505247
CCL4	4	Yes	0.14683610822704352	0.09616432341627064	991.7465151104303	-0.04187280485582151	0.33554502130990854
CCL4	7	Yes	0.397798165448128	0.09570075755594223	980.3262265104804	0.20999626172903546	0.5856000691672205
CD6	1	No	0.0017450246554773091	0.05217420553765233	947.2426341048125	-0.10064536830227531	0.10413541761322993
CD6	4	No	0.10639507496001813	0.052117850539099266	944.1474303848781	0.004114848107469676	0.20867530181256658
CD6	7	No	0.4014967315354577	0.052631050785428915	969.3704141765288	0.2982128090675633	0.504780654003352
CD6	1	Yes	-0.17854032616952586	0.09337329686042616	953.8362402130249	-0.3617811423521424	0.004700490013090669
CD6	4	Yes	-0.14559395102748712	0.09563101133761652	1008.1822876630044	-0.3332525763541709	0.042064674299196636
CD6	7	Yes	-0.21036214971980133	0.09515726300733819	996.5889601209059	-0.39709374022746785	-0.023630559212134805
SCF	1	No	0.446919698489984	0.052099177179419635	870.9991772693331	0.3446650951709339	0.549174301809034
SCF	4	No	0.04852840570106517	0.052052670609275944	868.4305226199423	-0.05363534005928452	0.15069215146141485
SCF	7	No	0.09553327964372679	0.05248423347602167	890.1091706994061	-0.007473993052214939	0.19854055233966852
SCF	1	Yes	0.32951684609692394	0.09319991559046982	877.0446779122632	0.1465959343742689	0.512437757819579
SCF	4	Yes	-0.30010281372393594	0.09513497287710376	926.1210459072458	-0.4868079370906874	-0.11339769035718444
SCF	7	Yes	-0.3301135168961372	0.0947301026635871	915.6502027173029	-0.5160268528247295	-0.14420018096754492
IL18	1	No	0.3375846013802289	0.05346854654738053	703.935965876339	0.23260768135900783	0.44256152140144994
IL18	4	No	-0.02059168014199808	0.05344612615935721	702.8166902604469	-0.12552486913942767	0.08434150885543151
IL18	7	No	-0.2933474164727958	0.053665487244044845	713.2431701185534	-0.3987086300634682	-0.18798620288212337
IL18	1	Yes	0.3929336589206837	0.09552966209752958	707.2670150134838	0.20537800236540793	0.5804893154759595
IL18	4	Yes	0.18342964586921673	0.09656315372436927	733.7041034406208	-0.0061433803539645004	0.37300267209239796
IL18	7	Yes	-0.18554996337260568	0.09634871143807204	728.1289197432434	-0.37470438902477265	0.0036044622795612935
SLAMF1	1	No	0.21720911711630803	0.05364918374012316	1041.7632772097404	0.1119363412692994	0.32248189296331664
SLAMF1	4	No	0.037648687095297534	0.053579833059094355	1038.2059051613544	-0.06748842483234543	0.1427857990229405
SLAMF1	7	No	0.09138478195379524	0.054198877738103	1066.1422512191289	-0.014963798940469175	0.19773336284805965
SLAMF1	1	Yes	0.0013913638411487128	0.09605387338874932	1048.4489319815182	-0.1870883515608363	0.18987107924313373
SLAMF1	4	Yes	-0.11943880924883557	0.09871967843317328	1105.1782913374616	-0.3131379541833964	0.074260335685725265
SLAMF1	7	Yes	-0.011585218533512173	0.09815864905171791	1093.1241287668543	-0.2041858889946006	0.1810154519275763
TGF-alpha	1	No	-0.1759669230674146	0.05398112011954587	1029.8663189149204	-0.28189246228200215	-0.07004138385282702
TGF-alpha	4	No	-0.18433655595538495	0.05391272507292289	1026.353589879455	-0.2901283116312442	-0.07854480027952572
TGF-alpha	7	No	-0.03896303439716495	0.05452466822792503	1054.0580218197092	-0.1459522726721419	0.06802620387781201
TGF-alpha	1	Yes	-0.2718767528002601	0.0966434793416741	1036.5755183115668	-0.46151592069535424	-0.08223758490516592
TGF-alpha	4	Yes	-0.031216099173812885	0.0992854828868373	1093.2480587697262	-0.2260277469809391	0.16359554863331335
TGF-alpha	7	Yes	0.22521794322251043	0.09872964817468095	1081.1973614770775	0.031494525822020225	0.41894136062300064
MCP-4	1	No	-0.20733212304797097	0.053147319820895614	802.7068690545352	-0.311656257212176	-0.10300798888376594
MCP-4	4	No	0.11055203909652142	0.05310955434468236	800.6957070837104	0.006301640269835346	0.2148024379232075
MCP-4	7	No	0.3975156784402643	0.05346686677595458	818.2936101353923	0.29256731663825897	0.5024640402422696
MCP-4	1	Yes	-0.49717457276015903	0.0950323424366075	807.8952670965781	-0.6837140018744636	-0.31063514364585443
MCP-4	4	Yes	0.12576967190752333	0.09666480189969834	849.5890057161683	-0.06396014979848125	0.3154994936135279
MCP-4	7	Yes	0.30733011802658516	0.09632428061618156	840.7154338598764	0.11826581108384304	0.4963944249693273
CCL11	1	No	-0.2385525781202847	0.05310502790759949	922.5854168894009	-0.3427732470212881	-0.13433190921928131
CCL11	4	No	0.12384020002475175	0.05305079785718142	919.6473891975273	0.019725522768322262	0.22795487728118125
CCL11	7	No	0.34109783737092053	0.05354751842900951	943.8491898711386	0.23601187359902254	0.4461838011428185
CCL11	1	Yes	-0.4969527625108989	0.09502702788404797	929.0485929095751	-0.6834452717258872	-0.31046025329591065
CCL11	4	Yes	-0.3301002671183157	0.09722530832721397	982.02622723038	-0.5208935208775777	-0.13930701335905374
CCL11	7	Yes	-0.10604805796891047	0.0967644381356919	970.720728739664	-0.2959396371290755	0.08384352119125459
TNFSF14	1	No	-0.22278057423832404	0.053671094632105815	997.5286668624431	-0.3281017769337902	-0.11745937154285786
TNFSF14	4	No	-0.09487944168316308	0.05360691803137542	994.1578313139878	-0.20007514104014593	0.010316257673819773
TNFSF14	7	No	0.20319030514716863	0.05418492287177489	1021.069223908583	0.09686377204164881	0.30951683825268844
TNFSF14	1	Yes	-0.41421129391444833	0.09607507379647758	1004.2510931846614	-0.6027421988332115	-0.22568038899568518
TNFSF14	4	Yes	-0.14471295893561983	0.09858845826841522	1060.4199764420366	-0.3381635868739342	0.04873766900269455
TNFSF14	7	Yes	0.1783301746083501	0.09806019027134831	1048.456954482489	-0.014086392669079295	0.3707467418857795
MMP-1	1	No	-0.18292409261907341	0.054402280629989794	826.1115086562337	-0.28970705078236314	-0.0761411344557837
MMP-1	4	No	0.008884061471369026	0.054360140066302666	823.9019077499097	-0.09781660137220509	0.11558472431494314
MMP-1	7	No	0.23398007162818843	0.054756085130615646	842.9874977325447	0.1265058087161144	0.34145433454026247
MMP-1	1	Yes	-0.28939135728382126	0.09729211400383789	831.6328613888418	-0.48035832445489557	-0.09842439011274698
MMP-1	4	Yes	0.05001244015921237	0.0990891215794606	876.1454676651233	-0.14446733005403356	0.24449221037245827
MMP-1	7	Yes	0.14560333068232814	0.09871386646893174	866.6609374322725	-0.04814286864637746	0.33934953001103374
LIF-R	1	No	0.3177346670679418	0.052367936858050926	974.1586702022832	0.21496771458060288	0.4205016195552807
LIF-R	4	No	-0.14783499121734212	0.05230809305778602	970.9080327878081	-0.2504849336220175	-0.04518504881266669
LIF-R	7	No	-0.2971896516645181	0.052849783211435214	997.1020850632125	-0.40089921192221634	-0.19348009140681985
LIF-R	1	Yes	0.5847089918780303	0.09373227948226695	980.844001519756	0.40077012358059894	0.7686478601754616
LIF-R	4	Yes	0.01928760257424776	0.0961003337722418	1036.3253426350936	-0.16928582832910455	0.20786103347760004
LIF-R	7	Yes	-0.35461888925254237	0.09560298103721457	1024.4982899692086	-0.5422189191589466	-0.16701885934613817
FGF-21	1	No	0.2591011774043014	0.050322068542795036	1135.895524080111	0.16036652968633636	0.3578358251222664
FGF-21	4	No	0.32193752832927497	0.05024731260850313	1132.1442493821646	0.2233492073990549	0.42052584925949504
FGF-21	7	No	0.08134073629706934	0.050903432182909235	1160.7244195264238	-0.01853229986906936	0.18121377246320802
FGF-21	1	Yes	0.28438734188816406	0.0901276101100228	1142.0493710378987	0.10755306329888573	0.4612216204774424
FGF-21	4	Yes	0.28560152724647087	0.09289907735624732	1196.8851947902108	0.1033383688085647	0.467864685684377
FGF-21	7	Yes	0.0324894361949295	0.09231447974544622	1185.3259698604493	-0.14862856002153527	0.21360743241139427
CCL19	1	No	0.3605825531339082	0.053665990623607336	793.0632589651243	0.25523837340903066	0.4659267328587857
CCL19	4	No	0.02316861409728889	0.053629300420035705	791.1357390585597	-0.08210393625756048	0.12844116445213827
CCL19	7	No	0.003678543722728257	0.05397746968328734	808.09514365833	-0.10227404447020544	0.10963113191566196
CCL19	1	Yes	0.5490388957903539	0.0959530826552129	798.10253952717	0.36068867402543126	0.7373891175552766
CCL19	4	Yes	0.09997088249135902	0.09754822681699409	838.5464300243638	-0.09149648746279337	0.2914382524455114
CCL19	7	Yes	0.05127792041800762	0.09721564467202083	829.9438569126635	-0.13953951714428997	0.24209535798030524
IL-10RB	1	No	0.10058088853895152	0.05281051224744857	862.0936366923007	-0.0030713358797833656	0.2042331129576864
IL-10RB	4	No	0.055551471352343465	0.05276458227858342	859.5936961532996	-0.048011028856699445	0.15911397156138637
IL-10RB	7	No	0.36716596809398205	0.05319181098177672	880.7862212824506	0.2627684760669559	0.4715634601210082
IL-10RB	1	Yes	-0.05156069781189858	0.094467297243612	868.0470800975132	-0.23697172043729142	0.1338503248134943
IL-10RB	4	Yes	-0.08155247858568489	0.09638742195490878	916.305388970721	-0.2707182209895921	0.1076132638182223
IL-10RB	7	Yes	0.15833962489804793	0.09598582511416819	906.0108764179732	-0.030040792083134066	0.3467200418792299
IL-18R1	1	No	0.32744725818754394	0.05074132468764445	829.4191973262335	0.22785075257653623	0.4270437637985517
IL-18R1	4	No	-0.3082353352665691	0.05070156793380042	827.1821196937308	-0.4077541985120151	-0.20871647202112306
IL-18R1	7	No	-0.5002111598989557	0.05107475834032095	846.4706825284826	-0.6004591874263847	-0.3999631323715267
IL-18R1	1	Yes	0.6491859194051793	0.09074693408884603	834.9843020720688	0.4710670082861166	0.8273048305242421
IL-18R1	4	Yes	0.13521913116882403	0.09243911282958905	879.870878383941	-0.04620776859140535	0.3166460309290534
IL-18R1	7	Yes	-0.045972424046508115	0.09208569528268333	870.3053510889556	-0.2267084202354978	0.13476357214248158
PD-L1	1	No	0.2226842523760223	0.051172219918415834	881.9070942344532	0.1222507085750428	0.32311779617700176
PD-L1	4	No	-0.173863391061214	0.0511251187185528	879.2561422730678	-0.2742049070903139	-0.0735218750321141
PD-L1	7	No	-0.3816944794333985	0.05156095030862751	901.5104192246498	-0.4828879438773756	-0.2805010149894214
PD-L1	1	Yes	0.6648786972262667	0.09154762108891246	888.0573260326139	0.48520377750478794	0.8445536169477454
PD-L1	4	Yes	0.5378763836723466	0.09349628180732626	938.0772705247507	0.35439029894969887	0.7213624683949943
PD-L1	7	Yes	0.2362895697916761	0.09308838401298247	927.4034467479727	0.053601266564755834	0.41897787301859635
CXCL5	1	No	0.02614756042507274	0.053960681384218376	883.3846252120047	-0.07975853489467791	0.1320536557448234
CXCL5	4	No	0.04066800295255941	0.05391081183286021	880.722689044133	-0.06514065449423931	0.14647666039935814
CXCL5	7	No	0.3350720458797991	0.054372082482330775	903.0532398341793	0.22836170160457508	0.44178239015502313
CXCL5	1	Yes	-0.041468610294907365	0.09653704192564905	889.5483647025342	-0.2309355278850048	0.14799830729519006
CXCL5	4	Yes	-0.00871165091190734	0.09859865793889118	939.6911925159607	-0.20221069935843838	0.1847873975346237
CXCL5	7	Yes	0.08139702263079637	0.09816709046110665	928.990972157405	-0.11125793997608771	0.2740519852376805
TRANCE	1	No	-0.18046912611479923	0.048117597854560844	1052.0252311694892	-0.27488651084402244	-0.08605174138557603
TRANCE	4	No	0.1930505856299963	0.048054344544114815	1048.4327630554774	0.09875694576521303	0.28734422549477956
TRANCE	7	No	0.6085439607996694	0.04861784668322718	1076.5427718081678	0.5131474794326333	0.7039404421667056
TRANCE	1	Yes	-0.5193619148677543	0.0861536014411996	1058.6825758297903	-0.6884131389558317	-0.3503106907796769
TRANCE	4	Yes	-0.2917206429415534	0.08857491106183805	1115.4062554502675	-0.4655128627878148	-0.11792842309529203
TRANCE	7	Yes	-0.1902836547715777	0.0880651942227173	1103.3613397151223	-0.3630778117896466	-0.017489497753508748
HGF	1	No	-0.11889523320379354	0.05312134278892112	1066.1512216144667	-0.22312948310978145	-0.01466098329780563
HGF	4	No	-0.17420965228056828	0.05304993024528359	1062.5157557931327	-0.2783041818835536	-0.07011512267758295
HGF	7	No	-0.09916749987075701	0.0536844266237051	1090.8243419330406	-0.20450392028754694	0.006168920546032908
HGF	1	Yes	0.10437436799320908	0.09511790343260232	1072.7575512323651	-0.08226387203600145	0.29101260802241963
HGF	4	Yes	0.3287773805298928	0.09783615741605645	1129.3914013095555	0.13681631542791353	0.5207384456318721
HGF	7	Yes	0.4752187680282366	0.09726371682280384	1117.3775383149746	0.28437866827245517	0.666058867784018
IL-12B	1	No	0.8846641198023066	0.04356206322855696	1015.8364956314954	0.7991821955427623	0.970146044061851
IL-12B	4	No	0.17759686450435105	0.04350820413273503	1012.3817167108203	0.09222028051515554	0.26297344849354654
IL-12B	7	No	0.13320245453709165	0.04399145207014503	1039.771009397604	0.046880309980528515	0.2195245990936548
IL-12B	1	Yes	0.9952995507629182	0.07798542831062905	1022.5605858211069	0.842269788354056	1.1483293131717804
IL-12B	4	Yes	-0.03287453423889348	0.08007822150684603	1079.0777574426513	-0.19000120455167446	0.12425213607388752
IL-12B	7	Yes	-0.2758288071734949	0.07963811088572506	1067.0509389007345	-0.43209388560640816	-0.11956372874058163
MMP-10	1	No	0.4129739110000203	0.05121512837965407	867.5558950125254	0.3124538674466263	0.5134939545534143
MMP-10	4	No	0.03184247243795948	0.05116986386242398	865.013649543963	-0.06858914270199432	0.13227408757791326
MMP-10	7	No	-0.019898734965968036	0.05159028593957335	886.5060483488884	-0.12115207733527802	0.08135460740334197
MMP-10	1	Yes	0.6207539414812917	0.09161653820812923	873.5665011003153	0.4409396916536189	0.8005681913089645
MMP-10	4	Yes	0.21502187320699445	0.09350334717858101	922.3316667860181	0.03151787569184927	0.39852587072213963
MMP-10	7	Yes	0.09444866027138199	0.0931086282087	911.927868322628	-0.0882834249480896	0.2771807454908536
IL10	1	No	0.5068743454126593	0.049153022879924374	1046.5289487559087	0.41042464401029755	0.603324046815021
IL10	4	No	-0.2699021921296683	0.049088983299101246	1042.9548799677607	-0.36622661512396276	-0.17357776913537387
IL10	7	No	-0.4307361903705819	0.04966009221727623	1070.9749319517848	-0.5281783048598153	-0.3332940758813485
IL10	1	Yes	0.8884781533364993	0.08800559522776029	1053.2023753027363	0.7157919051305657	1.0611644015424329
IL10	4	Yes	0.17342880514603182	0.09046246507571871	1109.9353673493536	-0.004067921725860041	0.35092553201792365
IL10	7	Yes	-0.10663280129449836	0.08994533930863657	1097.8840969593489	-0.2831169885907098	0.06985138600171308
TNF	1	No	0.2360929513366496	0.053938719823514066	968.9723372853999	0.13024278619130208	0.3419431164819971
TNF	4	No	0.03692371283976091	0.05387772455061806	965.750273975991	-0.06880719541710013	0.14265462109662197
TNF	7	No	-0.07912482372184083	0.05443046784267136	991.7691294723427	-0.18593693214319362	0.02768728469951194
TNF	1	Yes	0.3909127833783929	0.09654141688283203	975.6440876663942	0.2014600570171512	0.5803655097396346
TNF	4	Yes	0.20369050516457626	0.09896069527604896	1030.935467026815	0.009503126426337799	0.39787788390281476
TNF	7	Yes	0.10287475830020358	0.09845267076896763	1019.1469834762786	-0.0903183669178481	0.29606788351825525
CCL23	1	No	0.3289001961464043	0.0523814314409459	936.7093196542615	0.22610164935595484	0.4316987429368538
CCL23	4	No	-0.20108487322326266	0.05232616175831872	933.6796002072607	-0.30377538438473173	-0.09839436206179361
CCL23	7	No	-0.33673621689119626	0.05283071038095966	958.4814706659189	-0.4404134266209706	-0.23305900716142192
CCL23	1	Yes	0.5458066057170101	0.0937391393218422	943.2526554297193	0.36184521802644287	0.7297679934075774
CCL23	4	Yes	0.19924435943249189	0.09596440430437041	997.052874581485	0.010928983985179275	0.3875597348798045
CCL23	7	Yes	-0.029241419284871208	0.0954976381523794	985.573812084332	-0.2166434907545638	0.1581606521848214
CD5	1	No	0.025377031067606692	0.05098903991910491	1019.3477728957705	-0.0746784533576631	0.12543251549287648
CD5	4	No	0.16765600121896548	0.05092560521248921	1015.877961887861	0.06772458858489316	0.2675874138530378
CD5	7	No	0.5446817502661022	0.05149436463266596	1043.3503189741004	0.44363743353366225	0.6457260669985422
CD5	1	Yes	-0.16488615611889865	0.09128267367239501	1026.069448155335	-0.34400819928778437	0.014235887049987073
CD5	4	Yes	-0.07701721437687062	0.09374388658814273	1082.634531233636	-0.26095749360769915	0.10692306485395789
CD5	7	Yes	0.041573769740196304	0.09322624454411801	1070.5997133290475	-0.1413531156268896	0.2245006551072822
CCL3	1	No	-0.31647095192262265	0.051118460954053195	1172.106145165416	-0.4167648600822081	-0.2161770437630372
CCL3	4	No	0.09806158635996684	0.05103895725466634	1168.3631603092217	-0.0020766679442852792	0.19819984066421897
CCL3	7	No	0.41181035272983013	0.05173272057198004	1196.6022466937115	0.3103134210998154	0.5133072843598449
CCL3	1	Yes	-0.2373079650640032	0.09156415388984884	1177.8973991415494	-0.4169550044842705	-0.05766092564373593
CCL3	4	Yes	0.1626986811655125	0.09447424005143351	1230.943765864462	-0.022649673394106007	0.348047035725131
CCL3	7	Yes	0.4306977982551835	0.09385997001265756	1219.8096544837085	0.24655292151566965	0.6148426749946974
Flt3L	1	No	0.14439690306490094	0.05029293575916001	1086.905286499601	0.04571467106077587	0.243079135069026
Flt3L	4	No	0.2486148939099762	0.0502231624230443	1083.2181878154072	0.15006919364861734	0.34716059417133505
Flt3L	7	No	0.5332719083003067	0.050840743325537736	1111.7321674116636	0.4335172796460996	0.6330265369545138
Flt3L	1	Yes	0.09235027759715252	0.09006035820831668	1093.4115709815667	-0.08436038912515355	0.2690609443194586
Flt3L	4	Yes	-0.09647790259144434	0.09269478657793202	1149.7433478137555	-0.27834780153286937	0.08539199634998068
Flt3L	7	Yes	0.10788373087935053	0.09213970978823643	1137.8130403268285	-0.07289908860312853	0.2886665503618296
CXCL6	1	No	-0.13301548816057712	0.05355154463266398	947.0020016845898	-0.23810890404325102	-0.02792207227790322
CXCL6	4	No	-0.039961886910552157	0.05349373233651787	943.908265548288	-0.14494228808567902	0.06501851426457472
CXCL6	7	No	0.2689666660351605	0.05402023267932104	969.1218838446266	0.16295655927883573	0.3749767727914853
CXCL6	1	Yes	-0.27785072827380125	0.09583812884771427	953.5945498706591	-0.46592872484168424	-0.08977273170591824
CXCL6	4	Yes	-0.06571792308935173	0.0981544870412806	1007.9287694712693	-0.2583284729379951	0.12689262675929167
CXCL6	7	Yes	0.08965718851930597	0.09766843725504137	996.3379083001466	-0.10200225651322682	0.2813166335518388
CXCL10	1	No	0.6079098630649734	0.04555381811223078	999.3152189469616	0.5185177512737049	0.6973019748562419
CXCL10	4	No	-0.24016527506852814	0.04549916549796957	995.9357876457052	-0.3294505071883168	-0.15088004294873947
CXCL10	7	No	-0.6237361909994014	0.0459912083835334	1022.8971002583247	-0.7139840885942694	-0.5334882934045333
CXCL10	1	Yes	1.1091636048618325	0.08154522088495712	1006.0388639087395	0.9491453950133801	1.269181814710285
CXCL10	4	Yes	0.34146478730136487	0.08368395117055749	1062.2490494157673	0.1772601599556111	0.5056694146471187
CXCL10	7	Yes	0.006130209025908398	0.08323440395855579	1050.2781606163123	-0.15719444034408558	0.16945485839590235
4E-BP1	1	No	0.15953592708778433	0.054381052176326924	1024.986630085929	0.05282501540872013	0.2662468387668485
4E-BP1	4	No	-0.07279474226808394	0.05431272733819594	1021.4934143650311	-0.1793720122790774	0.03378252774290953
4E-BP1	7	No	-0.02833517999154397	0.05492463732984496	1049.093318905493	-0.13610983080416417	0.07943947082107622
4E-BP1	1	Yes	0.20155072512311206	0.09735750745870278	1031.702593162498	0.010509397063378556	0.39259205318284557
4E-BP1	4	Yes	0.0748854060165675	0.10000217808726748	1088.3319913089572	-0.12133347777709343	0.27110428981022844
4E-BP1	7	Yes	0.062440473705385996	0.09944586009550466	1076.2871574664312	-0.13268926409121412	0.2575702115019861
SIRT2	1	No	-0.004038359017639893	0.05335702695064741	1370.0134453843955	-0.10870868176550154	0.10063196373022175
SIRT2	4	No	-0.13151925351997293	0.053255854665697815	1367.288788192615	-0.23599129097717178	-0.027047216062774077
SIRT2	7	No	0.0804819900163658	0.05411698601521641	1387.389475262683	-0.025677966550365403	0.18664194658309702
SIRT2	1	Yes	0.015988128654514523	0.0956153285539064	1372.4803588712496	-0.17157988188449974	0.20355613919352877
SIRT2	4	Yes	0.05343413018596161	0.09910465262848973	1406.4616978911147	-0.14097472043857961	0.24784298081050282
SIRT2	7	Yes	0.014820049098553023	0.09836676259639109	1399.647646960513	-0.1781421271009498	0.20778222529805584
DNER	1	No	-0.08117704313208655	0.0514607776640229	931.6005132370619	-0.18216952362965982	0.01981543736548673
DNER	4	No	0.09274026459879882	0.0514071083830766	928.6034552803679	-0.008147312778897575	0.1936278419764952
DNER	7	No	0.44255839024031235	0.05189763677872199	953.1929192771534	0.34071156898164967	0.544405211498975
DNER	1	Yes	-0.13751594224027353	0.0920891487846628	938.1165431030587	-0.3182405241753622	0.043208639694815115
DNER	4	Yes	-0.28199363905693736	0.09425525469893588	991.6312574721993	-0.46695630047616254	-0.09703097763771215
DNER	7	Yes	-0.14590978623131712	0.09380098079130633	980.2122760722441	-0.32998361954933153	0.03816404708669732
EN-RAGE	1	No	-0.1985614959102976	0.05247453307553538	1077.1771119828543	-0.30152538346031027	-0.09559760836028493
EN-RAGE	4	No	-0.23976979677363158	0.052402785415955125	1073.512474836621	-0.34259329814600004	-0.13694629540126313
EN-RAGE	7	No	0.02570233366340554	0.05303896285639364	1101.9430813704525	-0.07836642937113017	0.12977109669794126
EN-RAGE	1	Yes	0.036930479060978176	0.09396363013101373	1083.7339905569927	-0.1474407622915119	0.22130172041346827
EN-RAGE	4	Yes	0.480677114470951	0.09668283433872138	1140.2323773771452	0.2909808810412613	0.6703733479006407
EN-RAGE	7	Yes	0.4986125226746279	0.09611003289002383	1128.257331793739	0.31003802565412836	0.6871870196951275
CD40	1	No	-0.07953797852603238	0.05294896074971049	1000.6713416795625	-0.1834417090234186	0.02436575197135385
CD40	4	No	-0.11006713520834407	0.05288527544742133	997.2854431698416	-0.21384632032436032	-0.006287950092327826
CD40	7	No	0.16730998931402538	0.05345847789110828	1024.2841772780012	0.06240934268288782	0.2722106359451629
CD40	1	Yes	0.02709847504903359	0.09478372761674876	1007.3957588471533	-0.15889768321287065	0.21309463331093784
CD40	4	Yes	0.15367572263736914	0.09727447078984067	1063.6362353948584	-0.03719593483490577	0.34454738010964403
CD40	7	Yes	0.4641212344420313	0.09675091095522888	1051.6596130801472	0.27427444142302004	0.6539680274610425
IFN-gamma	1	No	0.7185022600317559	0.04804217660439096	1108.4180563809757	0.6242383923091789	0.8127661277543329
IFN-gamma	4	No	-0.06380255084555472	0.04797342691705054	1104.6925138838208	-0.15793187137002157	0.030326769678912138
IFN-gamma	7	No	-0.2630927674910142	0.04857964109673554	1133.308926568651	-0.35840890941083275	-0.1677766255711956
IFN-gamma	1	Yes	0.9446842932924446	0.08603642166625435	1114.7894912396284	0.7758727244634511	1.1134958621214381
IFN-gamma	4	Yes	0.1257635056645361	0.08861108953521277	1170.5980506015542	-0.04809079559666582	0.29961780692573803
IFN-gamma	7	Yes	-0.057285225738924105	0.0880683290526806	1158.8010788732677	-0.23007645559955012	0.1155060041217019
FGF-19	1	No	0.2608293269366616	0.05259260893954601	1221.4742734365832	0.15764746590766415	0.36401118796565907
FGF-19	4	No	-0.11481929794855625	0.052506008573085905	1217.8250358496625	-0.21783156318816493	-0.011807032708947576
FGF-19	7	No	0.04789873489188664	0.053256209062995837	1245.045471444248	-0.056583086602163164	0.15238055638593645
FGF-19	1	Yes	0.21371657656212178	0.09421745128567206	1226.6376596766006	0.02887137544018689	0.39856177768405665
FGF-19	4	Yes	-0.08492153250130749	0.09733554297378891	1276.349323645483	-0.27587677143689515	0.10603370643428017
FGF-19	7	Yes	-0.06188257179554538	0.09667684009954787	1265.9902124947996	-0.2515470244558503	0.12778188086475956
MCP-2	1	No	0.5746639667706819	0.048842684397275654	841.6059091944244	0.4787961945998063	0.6705317389415574
MCP-2	4	No	-0.1746580502709274	0.04880282656200155	839.2689175191429	-0.2704479741494284	-0.0788681263924264
MCP-2	7	No	-0.4378157526053752	0.04917567113393502	859.2893031636441	-0.5343342461826737	-0.34129725902807667
MCP-2	1	Yes	0.9757069982672788	0.08735835999068017	847.3251621865271	0.8042428363957093	1.1471711601388483
MCP-2	4	Yes	0.2012800237367554	0.08904331615657808	893.5376460478877	0.026521612997865845	0.376038434475645
MCP-2	7	Yes	-0.2136777153090033	0.08869121573778324	883.6851274672106	-0.3877477182221454	-0.03960771239586122
CASP-8	1	No	-0.034343347042566176	0.05406226605508658	1097.694580454139	-0.14042040428017147	0.0717337101950391
CASP-8	4	No	-0.05094568286774526	0.05398607275106186	1093.9862415769098	-0.15687363547736607	0.05498226974187556
CASP-8	7	No	0.2078313661798273	0.05465918336483299	1122.5657902496298	0.10058570387460997	0.31507702848504465
CASP-8	1	Yes	-0.04596398803106293	0.09681389244180423	1104.1371689765963	-0.2359239622467531	0.14399598618462728
CASP-8	4	Yes	0.02494004566134108	0.09967887836423368	1160.2330158225743	-0.1706309836020908	0.22051107492477298
CASP-8	7	Yes	0.06886225772950087	0.09907506672533008	1148.3637012337276	-0.1255261847122327	0.2632507001712345
CCL25	1	No	0.21943618232384815	0.05359347233278519	886.6777391706509	0.11425132692850293	0.3246210377191934
CCL25	4	No	0.13561420831639986	0.05354349678125858	883.9914650279552	0.030527000598625093	0.24070141603417464
CCL25	7	No	0.11320724254064025	0.054005355163870006	906.4905434108302	0.007217174612382124	0.2191973104688984
CCL25	1	Yes	0.07540414758321447	0.09588193320987815	892.8710024701087	-0.11277607703568461	0.26358437220211356
CCL25	4	Yes	-0.2954073936290156	0.09794442823220255	943.2834923875843	-0.48762157766932024	-0.10319320958871092
CCL25	7	Yes	-0.36368780315744964	0.09751261986829123	932.5253805197915	-0.5550574073807815	-0.17231819893411787
CX3CL1	1	No	0.07201632155372335	0.05420938600930776	856.847596631604	-0.03438241556483149	0.1784150586722782
CX3CL1	4	No	-0.06465403390040227	0.05416297791331221	854.3887497403695	-0.17096211691820998	0.041654049117405445
CX3CL1	7	No	-0.09822252436997127	0.05459526863461417	875.2882158952847	-0.2053754541209175	0.00893040538097499
CX3CL1	1	Yes	0.3077814369548885	0.09696644789788739	862.7440510253161	0.11746369644829133	0.4980991774614857
CX3CL1	4	Yes	0.3240270646432654	0.09891203664560408	910.5003109103873	0.12990498682736412	0.5181491424591667
CX3CL1	7	Yes	0.3250974411808642	0.0985052042939284	900.3141451631299	0.13177089009444615	0.5184239922672822
TNFRSF9	1	No	0.13610180954692075	0.04977128409468855	918.5034319797591	0.0384231714429014	0.23378044765094008
TNFRSF9	4	No	0.21515944286688374	0.04972095160406105	915.5927061931534	0.11757917548998184	0.31273971024378566
TNFRSF9	7	No	0.5737797374734017	0.05018242695541673	939.6136299145055	0.47529713029274834	0.6722623446540551
TNFRSF9	1	Yes	-0.17415096232576005	0.08905962726918477	924.9407125079135	-0.34893333688462014	6.314122331000094e-4
TNFRSF9	4	Yes	-0.15742571933604704	0.091103978585417425	977.6611351825633	-0.33620756710003563	0.021356128427941573
TNFRSF9	7	Yes	0.22614638998958114	0.09067544433983724	966.4101652119685	0.04820292722929853	0.40408985274986375
TWEAK	1	No	-0.04232193961083671	0.052978729572368814	1015.1254272288936	-0.1462822940364035	0.06163841481473007
TWEAK	4	No	0.037426505407174536	0.052913310817037824	1011.6737349166676	-0.06640590043987768	0.14125891125422677
TWEAK	7	No	0.3822132580443356	0.053500362168644476	1039.0458672177717	0.27723218704755187	0.4871943290411193
TWEAK	1	Yes	-0.31399343894293064	0.09484299027742472	1021.8498995903794	-0.5001027230039603	-0.1278841548819009
TWEAK	4	Yes	-0.22756361660725094	0.09738572198337116	1078.3566319452227	-0.4186505992290352	-0.03647663398546669
TWEAK	7	Yes	-0.05365801421530258	0.09685100134374951	1066.3315985330212	-0.24369819405490095	0.13638216562429578
CCL20	1	No	0.21566569937667573	0.051415399173512885	976.4602743321606	0.11476830474507985	0.31656309400827165
CCL20	4	No	-0.14400393529102118	0.051356372705455886	973.1971728253593	-0.24478591596065782	-0.043221954621384534
CCL20	7	No	-0.18597922321624777	0.051890395917811485	999.4671288272715	-0.2878058408321488	-0.08415260560034676
CCL20	1	Yes	0.659552666923786	0.09202834778736026	983.1510086743355	0.4789580930777034	0.8401472407698687
CCL20	4	Yes	0.31911890047095864	0.09436164643701116	1038.7122790264054	0.133957716273608	0.5042800846683093
CCL20	7	Yes	0.4091704603735823	0.09387155653563792	1026.8690920814615	0.22496847699079192	0.5933724437563727
ST1A1	1	No	-0.29659060820133504	0.05205312835085552	1085.0744784594458	-0.3987267923949681	-0.19445442400770196
ST1A1	4	No	-0.005960109045906813	0.051981108734827766	1081.3913692222588	-0.10795536767314191	0.09603514958132829
ST1A1	7	No	0.35991327955194	0.052618782240606586	1109.8914081234957	0.25666977390918927	0.4631567851946908
ST1A1	1	Yes	-0.41854039416932487	0.09321174363693732	1091.5907812449318	-0.6014348456036047	-0.23564594273504502
ST1A1	4	Yes	-0.08088894903028575	0.09593290442183014	1147.9572668074215	-0.2691124390749029	0.10733454101433139
ST1A1	7	Yes	0.29803040408240644	0.09535957865931821	1136.0177935104718	0.1109297224691351	0.48513108569567776
STAMBP	1	No	-0.030385106507921547	0.054095395890843875	1128.2702603269174	-0.13652399377046526	0.07575378075462216
STAMBP	4	No	-0.11133408522274713	0.05401584532627419	1124.523429039017	-0.21731726802144435	-0.005350902424049897
STAMBP	7	No	0.11069532975985834	0.05471493175938985	1153.132675264586	0.0033433560908027737	0.2180473034289139
STAMBP	1	Yes	0.0939386352003082	0.09688329956380703	1134.4895345885986	-0.09615194283791224	0.28402921323852864
STAMBP	4	Yes	0.02040226806113796	0.099840691339831	1189.6290946137299	-0.1754811854255316	0.2162857215478075
STAMBP	7	Yes	0.10292216115578902	0.09921697616937067	1177.996426198465	-0.09173954575314593	0.297583868064724
ADA	1	No	0.12422139661290549	0.05418219204191365	1064.862892602173	0.017905411081830983	0.23053738214398
ADA	4	No	-0.05310710395451185	0.054109499572901475	1061.2310888014622	-0.1592808661966722	0.05306665828764852
ADA	7	No	-0.041697853890716896	0.054755523311798594	1089.5235227530857	-0.14913605963536167	0.06574035185392788
ADA	1	Yes	0.20243199242820015	0.09701696054111791	1071.474450735052	0.012067207183315387	0.3927967776730849
ADA	4	Yes	0.26416053652806404	0.09978534631630512	1128.1204047374988	0.0683747961795034	0.4599462768766247
ADA	7	Yes	0.0578568110660278	0.0992023678574898	1116.1028365591303	-0.1367873362303395	0.2525009583623951
TNFB	1	No	0.26200195077711863	0.04963854781779594	962.354056221008	0.16458967083371703	0.35941423072052026
TNFB	4	No	0.34639077223326376	0.04958317568219022	959.1694246603751	0.24908674952543414	0.4436947949410934
TNFB	7	No	0.39936853540503503	0.05008570064391279	984.9563965213849	0.30108158854971184	0.4976554822603582
TNFB	1	Yes	-0.004497828443851853	0.08884199093221135	969.0056429843927	-0.17884269681583642	0.16984703992813271
TNFB	4	Yes	-0.14730829619232821	0.09104486764177894	1024.034723162355	-0.3259641168809976	0.03134752449634118
TNFB	7	Yes	-0.20496180663676153	0.09058238737398218	1012.2999245878733	-0.3827125482648975	-0.02721106500862558
CSF-1	1	No	0.5675739656788702	0.048919006655291274	1280.1977107592043	0.47160374076961925	0.6635441905881212
CSF-1	4	No	-0.09443100394394223	0.048833405878099034	1276.7933408628248	-0.19023353737181098	0.0013715294839265202
CSF-1	7	No	-0.2668897710664301	0.049569203808391527	1301.9416018756865	-0.3641340280474349	-0.16964551408542528
CSF-1	1	Yes	0.745731290421465	0.08764842681316233	1284.4271852914428	0.5737814983505376	0.9176810824923924
CSF-1	4	Yes	0.04387780271526993	0.09067493370060845	1328.8963388392906	-0.1340038144680884	0.22175941989862824
CSF-1	7	Yes	0.02626191921952658	0.09003514045680025	1319.7338328293624	-0.15036570097822397	0.20288953941727714
