Assay	term	contrast	Day1	TR1	Day2	TR2	null.value	estimate	std.error	df	statistic	p.value	adj.p.value	Allocation
IL8	Day*Allocation	Day1 Anakinra - Day4 Anakinra	1	Anakinra	4	Anakinra	0	-0.26459427622827353	0.057759333203016267	1053.7624445776644	-4.58097871902815	5.1806825890328035e-6	1.0554959139263915e-5	Anakinra
IL8	Day*Allocation	Day1 Anakinra - Day7 Anakinra	1	Anakinra	7	Anakinra	0	-0.4443085078849437	0.05805159551860113	1058.5577429396355	-7.6536829679827925	4.38334548335761e-14	8.157892982915552e-14	Anakinra
IL8	Day*Allocation	Day1 Placebo - Day4 Placebo	1	Placebo	4	Placebo	0	-0.1913114738099917	0.08504964723845124	1059.4775651669652	-2.249409374663451	0.024691152501827435	0.04241813378519072	Placebo
IL8	Day*Allocation	Day1 Placebo - Day7 Placebo	1	Placebo	7	Placebo	0	-0.36033654046190355	0.08606753137559352	1067.6459652023561	-4.186672194528464	3.0638945835101254e-5	5.13202342737946e-5	Placebo
VEGFA	Day*Allocation	Day1 Anakinra - Day4 Anakinra	1	Anakinra	4	Anakinra	0	0.11397968411592618	0.04376069589182667	1033.228023389676	2.6046131532660235	0.00932987215451707	0.015246376447625457	Anakinra
VEGFA	Day*Allocation	Day1 Anakinra - Day7 Anakinra	1	Anakinra	7	Anakinra	0	0.03770735509377133	0.04401485097197785	1035.8094226907344	0.8566961891516525	0.3918109601340849	0.41017709889037013	Anakinra
VEGFA	Day*Allocation	Day1 Placebo - Day4 Placebo	1	Placebo	4	Placebo	0	-0.03237482365460778	0.06449717010052287	1036.6473114711625	-0.501957273538507	0.6158041692591116	0.6763750711534505	Placebo
VEGFA	Day*Allocation	Day1 Placebo - Day7 Placebo	1	Placebo	7	Placebo	0	-0.07621225737377102	0.06534867585713505	1040.7358880339762	-1.1662402699694463	0.24378449484108147	0.2768400195652959	Placebo
CD8A	Day*Allocation	Day1 Anakinra - Day4 Anakinra	1	Anakinra	4	Anakinra	0	0.29345612436386553	0.04972797063177825	1041.7318118609926	5.901228637235697	4.8750263919912265e-9	1.1665241723693291e-8	Anakinra
CD8A	Day*Allocation	Day1 Anakinra - Day7 Anakinra	1	Anakinra	7	Anakinra	0	0.2851249312475177	0.05000214365024916	1045.2476113337639	5.702254152179672	1.5378207968024245e-8	2.4531903187086298e-8	Anakinra
CD8A	Day*Allocation	Day1 Placebo - Day4 Placebo	1	Placebo	4	Placebo	0	0.2390972998182951	0.07326426453266395	1046.1893764725799	3.2634914353326594	0.001136105262305662	0.00237872039295248	Placebo
CD8A	Day*Allocation	Day1 Placebo - Day7 Placebo	1	Placebo	7	Placebo	0	0.19614483966298552	0.07419669359292931	1051.9330211852875	2.6435792508370946	0.00832546626090921	0.011383800805733	Placebo
MCP-3	Day*Allocation	Day1 Anakinra - Day4 Anakinra	1	Anakinra	4	Anakinra	0	0.423262565206738	0.04685775282596903	1039.5578625520072	9.032924962892409	7.94988460281017e-19	2.663211341941407e-18	Anakinra
MCP-3	Day*Allocation	Day1 Anakinra - Day7 Anakinra	1	Anakinra	7	Anakinra	0	0.6376938361048712	0.04711972196931389	1042.8363953526919	13.533480450503529	1.4538013704847368e-38	5.411371767915409e-38	Anakinra
MCP-3	Day*Allocation	Day1 Placebo - Day4 Placebo	1	Placebo	4	Placebo	0	0.3276914465037196	0.0690423456217548	1043.7615445447432	4.746238609837527	2.360808031509382e-6	7.532101814815647e-6	Placebo
MCP-3	Day*Allocation	Day1 Placebo - Day7 Placebo	1	Placebo	7	Placebo	0	0.5016052768141241	0.06992975157290779	1049.075819461699	7.172988113523576	1.3842451122667887e-12	4.416401072470231e-12	Placebo
CDCP1	Day*Allocation	Day1 Anakinra - Day4 Anakinra	1	Anakinra	4	Anakinra	0	0.49477027048318645	0.04182505470838801	1033.0754120244085	11.829518788028276	2.267903224861485e-30	1.688327956285772e-29	Anakinra
CDCP1	Day*Allocation	Day1 Anakinra - Day7 Anakinra	1	Anakinra	7	Anakinra	0	0.3897291806245612	0.04206818084432282	1035.6399155595798	9.264227090465118	1.1030807002076483e-19	2.6829407243133857e-19	Anakinra
CDCP1	Day*Allocation	Day1 Placebo - Day4 Placebo	1	Placebo	4	Placebo	0	0.4032261153604595	0.06164471870419614	1036.4749696483402	6.541129943269771	9.57350867021004e-11	4.5816077207433764e-10	Placebo
CDCP1	Day*Allocation	Day1 Placebo - Day7 Placebo	1	Placebo	7	Placebo	0	0.2200215081543804	0.06245906467830866	1040.534499188701	3.522651344325869	4.4579801269653535e-4	6.493144967536493e-4	Placebo
CD244	Day*Allocation	Day1 Anakinra - Day4 Anakinra	1	Anakinra	4	Anakinra	0	0.14045843120952872	0.04616018139758543	1039.0070606156942	3.0428483371791057	0.0024023916255112862	0.00412718561305785	Anakinra
CD244	Day*Allocation	Day1 Anakinra - Day7 Anakinra	1	Anakinra	7	Anakinra	0	-0.12090041012682162	0.04641914411588293	1042.2252735899128	-2.60453768438729	0.009330769873155694	0.010967747043884764	Anakinra
CD244	Day*Allocation	Day1 Placebo - Day4 Placebo	1	Placebo	4	Placebo	0	0.1383024393110185	0.06801619588791816	1043.1451474229532	2.0333751028787748	0.04226737950096251	0.061563357099228	Placebo
CD244	Day*Allocation	Day1 Placebo - Day7 Placebo	1	Placebo	7	Placebo	0	0.016567125289180334	0.06889255147223666	1048.3512582684862	0.2404777430235952	0.8100069322887082	0.8100069322887082	Placebo
IL7	Day*Allocation	Day1 Anakinra - Day4 Anakinra	1	Anakinra	4	Anakinra	0	0.023154503016489036	0.053528654781012146	1046.5286945922398	0.43256276682489087	0.6654215643181747	0.7056956443905207	Anakinra
IL7	Day*Allocation	Day1 Anakinra - Day7 Anakinra	1	Anakinra	7	Anakinra	0	-0.01094342385623159	0.05381438775691096	1050.5625077110612	-0.2033549820480158	0.8388969639255713	0.8647091782002042	Anakinra
IL7	Day*Allocation	Day1 Placebo - Day4 Placebo	1	Placebo	4	Placebo	0	-0.16131040331939625	0.07884655016017691	1051.517869516875	-2.0458777586551835	0.0410167646389685	0.06135002348170632	Placebo
IL7	Day*Allocation	Day1 Placebo - Day7 Placebo	1	Placebo	7	Placebo	0	-0.1271380722225187	0.0798271585870556	1058.2207653272617	-1.5926668877217787	0.11153357622711832	0.14099527560786654	Placebo
OPG	Day*Allocation	Day1 Anakinra - Day4 Anakinra	1	Anakinra	4	Anakinra	0	0.3977439536373328	0.04530969187295481	1043.2856096792543	8.778341612928617	6.673759057857009e-18	2.12924693750676e-17	Anakinra
OPG	Day*Allocation	Day1 Anakinra - Day7 Anakinra	1	Anakinra	7	Anakinra	0	0.6428961098052973	0.045556963302856086	1046.9701095612634	14.11191754664193	1.5838715302997324e-41	6.63246203313013e-41	Anakinra
OPG	Day*Allocation	Day1 Placebo - Day4 Placebo	1	Placebo	4	Placebo	0	0.2960127473154371	0.06675009999856459	1047.91970172692	4.434641256294786	1.0195134941573504e-5	2.7322961643416993e-5	Placebo
OPG	Day*Allocation	Day1 Placebo - Day7 Placebo	1	Placebo	7	Placebo	0	0.41516212724347223	0.06759347194808683	1053.9724427131246	6.14204471642358	1.1527229120502317e-9	2.758301253834483e-9	Placebo
LAP TGF-beta-1	Day*Allocation	Day1 Anakinra - Day4 Anakinra	1	Anakinra	4	Anakinra	0	0.04643738400014042	0.05479231713314572	1048.2345226871996	0.8475163386008525	0.3969008479378875	0.44320594686397435	Anakinra
LAP TGF-beta-1	Day*Allocation	Day1 Anakinra - Day7 Anakinra	1	Anakinra	7	Anakinra	0	-0.2558468979219007	0.05508128364069716	1052.450320083823	-4.644897159456658	3.8326461390036974e-6	5.4635593896435685e-6	Anakinra
LAP TGF-beta-1	Day*Allocation	Day1 Placebo - Day4 Placebo	1	Placebo	4	Placebo	0	-0.17768682256341725	0.08070155063783362	1053.4031563669685	-2.2017770558192478	0.02789723339159226	0.04672786593091704	Placebo
LAP TGF-beta-1	Day*Allocation	Day1 Placebo - Day7 Placebo	1	Placebo	7	Placebo	0	-0.20097140001148261	0.08169658734447578	1060.4502286842455	-2.4599730116520226	0.014053398329530918	0.018462307609383756	Placebo
uPA	Day*Allocation	Day1 Anakinra - Day4 Anakinra	1	Anakinra	4	Anakinra	0	0.4992237479365656	0.05172925644520795	1045.7826304293253	9.650704112968402	3.609610591133195e-21	1.5115244350370253e-20	Anakinra
uPA	Day*Allocation	Day1 Anakinra - Day7 Anakinra	1	Anakinra	7	Anakinra	0	0.4863730137228301	0.05200682000854676	1049.7364512428562	9.352100621474259	5.025920112797032e-20	1.2951409521438506e-19	Anakinra
uPA	Day*Allocation	Day1 Placebo - Day4 Placebo	1	Placebo	4	Placebo	0	0.5283270043940022	0.07619868648421561	1050.6917279352792	6.933544773156213	7.155421802863598e-12	4.3583023708351006e-11	Placebo
uPA	Day*Allocation	Day1 Placebo - Day7 Placebo	1	Placebo	7	Placebo	0	0.430364363157824	0.07714988227213329	1057.2445264079163	5.578289304963367	3.084365622786694e-8	6.666209571829306e-8	Placebo
IL6	Day*Allocation	Day1 Anakinra - Day4 Anakinra	1	Anakinra	4	Anakinra	0	0.5105380215268024	0.04716725510292086	1041.99774718064	10.823992628207595	5.992014396522781e-26	4.014649645670263e-25	Anakinra
IL6	Day*Allocation	Day1 Anakinra - Day7 Anakinra	1	Anakinra	7	Anakinra	0	0.8714152948993766	0.0474268593080109	1045.5424753874086	18.37387732634839	1.4700366424116777e-65	1.2311556880197802e-64	Anakinra
IL6	Day*Allocation	Day1 Placebo - Day4 Placebo	1	Placebo	4	Placebo	0	0.4232444547670813	0.06949072244950072	1046.485817324274	6.090661312014065	1.5772734849690113e-9	6.2163131466425746e-9	Placebo
IL6	Day*Allocation	Day1 Placebo - Day7 Placebo	1	Placebo	7	Placebo	0	0.602205250501239	0.0703740380812459	1052.2822404946924	8.557207557224455	4.040667499810586e-17	2.2560393540609104e-16	Placebo
MCP-1	Day*Allocation	Day1 Anakinra - Day4 Anakinra	1	Anakinra	4	Anakinra	0	0.0553493827472564	0.0553158722883846	1049.6533154134527	1.0006058018699786	0.31724803309381394	0.37956461102295597	Anakinra
MCP-1	Day*Allocation	Day1 Anakinra - Day7 Anakinra	1	Anakinra	7	Anakinra	0	-0.0031619591542775766	0.05560461363296658	1054.0194286032238	-0.05686505035623394	0.9546634726940153	0.9546634726940153	Anakinra
MCP-1	Day*Allocation	Day1 Placebo - Day4 Placebo	1	Placebo	4	Placebo	0	0.023449820368665004	0.08146732159988071	1054.967342039605	0.28784327148788136	0.7735232479936912	0.797323963316574	Placebo
MCP-1	Day*Allocation	Day1 Placebo - Day7 Placebo	1	Placebo	7	Placebo	0	-0.04390303797271878	0.0824644125405246	1062.3015457122801	-0.5323876884606918	0.594568842864402	0.6128632687986912	Placebo
CXCL11	Day*Allocation	Day1 Anakinra - Day4 Anakinra	1	Anakinra	4	Anakinra	0	0.6619684083838778	0.047961524513429346	1042.3057148503099	13.802071871141733	6.3799543639260484e-40	6.106527748329217e-39	Anakinra
CXCL11	Day*Allocation	Day1 Anakinra - Day7 Anakinra	1	Anakinra	7	Anakinra	0	0.7928598267314363	0.0482249686453733	1045.8839162244271	16.440857277934242	3.365245750520819e-54	2.505238503165499e-53	Anakinra
CXCL11	Day*Allocation	Day1 Placebo - Day4 Placebo	1	Placebo	4	Placebo	0	0.6658621042549034	0.07065991903465484	1046.828961297546	9.423476751060731	2.7030434803296386e-20	2.5871987597440826e-19	Placebo
CXCL11	Day*Allocation	Day1 Placebo - Day7 Placebo	1	Placebo	7	Placebo	0	0.8594318653157487	0.07155681134349862	1052.6865702205957	12.010482987987885	3.1019657019755885e-31	2.9690243147480633e-30	Placebo
AXIN1	Day*Allocation	Day1 Anakinra - Day4 Anakinra	1	Anakinra	4	Anakinra	0	-0.1809686676988974	0.05692732740088523	1052.2221324735806	-3.17894192405181	0.0015212663998837596	0.0027547256430327537	Anakinra
AXIN1	Day*Allocation	Day1 Anakinra - Day7 Anakinra	1	Anakinra	7	Anakinra	0	-0.48332852859175063	0.05721882606318783	1056.8577036050415	-8.44701930895964	9.775504790260933e-17	2.1127703901531692e-16	Anakinra
AXIN1	Day*Allocation	Day1 Placebo - Day4 Placebo	1	Placebo	4	Placebo	0	-0.19806517589830086	0.08383058410503459	1057.7904024002928	-2.362683953748161	0.018323350662251235	0.03230696037817981	Placebo
AXIN1	Day*Allocation	Day1 Placebo - Day7 Placebo	1	Placebo	7	Placebo	0	-0.42868549756286384	0.08484251914379407	1065.6458361931666	-5.05272004991168	5.122459518493833e-7	9.827010698240077e-7	Placebo
TRAIL	Day*Allocation	Day1 Anakinra - Day4 Anakinra	1	Anakinra	4	Anakinra	0	-0.25775477368968835	0.05266911194537857	1046.8572908147405	-4.89385076317591	1.1443222363635762e-6	2.4732125753664386e-6	Anakinra
TRAIL	Day*Allocation	Day1 Anakinra - Day7 Anakinra	1	Anakinra	7	Anakinra	0	-0.4225250290968806	0.052949610087188466	1050.9262608118706	-7.9797571389314825	3.8158618242408225e-15	7.747355824973791e-15	Anakinra
TRAIL	Day*Allocation	Day1 Placebo - Day4 Placebo	1	Placebo	4	Placebo	0	-0.052234618382449305	0.07757928933896237	1051.8814287668029	-0.6733062242195057	0.5009003963204746	0.5680095103390826	Placebo
TRAIL	Day*Allocation	Day1 Placebo - Day7 Placebo	1	Placebo	7	Placebo	0	-0.2769117471420093	0.07854254927338777	1058.6505217969545	-3.5256271881136163	4.4055896226307545e-4	6.493144967536493e-4	Placebo
CXCL9	Day*Allocation	Day1 Anakinra - Day4 Anakinra	1	Anakinra	4	Anakinra	0	0.14412254511212547	0.04907771869644455	1041.1957648282353	2.9366186721830343	0.0033911249984454645	0.005680134372396153	Anakinra
CXCL9	Day*Allocation	Day1 Anakinra - Day7 Anakinra	1	Anakinra	7	Anakinra	0	-0.007279123786395285	0.04934924812074402	1044.65318650225	-0.147502222700238	0.882764088205589	0.8961393016632495	Anakinra
CXCL9	Day*Allocation	Day1 Placebo - Day4 Placebo	1	Placebo	4	Placebo	0	0.18689434687657436	0.0723080021914402	1045.5914731057014	2.584697975498746	0.009880977242482247	0.017892580412062445	Placebo
CXCL9	Day*Allocation	Day1 Placebo - Day7 Placebo	1	Placebo	7	Placebo	0	0.09460817738603618	0.07323053183307113	1051.2288950364411	1.2919225767975488	0.19666790485764615	0.23117104606074199	Placebo
CST5	Day*Allocation	Day1 Anakinra - Day4 Anakinra	1	Anakinra	4	Anakinra	0	-0.05512514635879854	0.03986112472474663	1029.7301196147464	-1.3829300286796895	0.1669861173871803	0.21109565782907697	Anakinra
CST5	Day*Allocation	Day1 Anakinra - Day7 Anakinra	1	Anakinra	7	Anakinra	0	-0.2864743587145403	0.04009721716444108	1031.9235526977293	-7.1444947797671805	1.7046278598401728e-12	3.0867585570078802e-12	Anakinra
CST5	Day*Allocation	Day1 Placebo - Day4 Placebo	1	Placebo	4	Placebo	0	-0.12010378990265483	0.058758737477646976	1032.6876620308014	-2.044015835914527	0.0412052396518923	0.06135002348170632	Placebo
CST5	Day*Allocation	Day1 Placebo - Day7 Placebo	1	Placebo	7	Placebo	0	-0.39065455779848635	0.059545164115968684	1036.117043046555	-6.560642893479263	8.445825531934137e-11	2.2634812425583487e-10	Placebo
OSM	Day*Allocation	Day1 Anakinra - Day4 Anakinra	1	Anakinra	4	Anakinra	0	-0.0658507569516835	0.05180098501098598	1044.3811543774125	-1.2712259610066845	0.20393132137183403	0.2530258987391274	Anakinra
OSM	Day*Allocation	Day1 Anakinra - Day7 Anakinra	1	Anakinra	7	Anakinra	0	-0.18518102001116776	0.052081610486360175	1048.1841043167099	-3.5555931984796327	3.9396020831476296e-4	4.980251690016815e-4	Anakinra
OSM	Day*Allocation	Day1 Placebo - Day4 Placebo	1	Placebo	4	Placebo	0	-0.26090374308581527	0.07630924064917795	1049.13722476167	-3.419032097112421	6.526040157858624e-4	0.0014104667437952508	Placebo
OSM	Day*Allocation	Day1 Placebo - Day7 Placebo	1	Placebo	7	Placebo	0	-0.3639874811981737	0.0772683538011296	1055.4088928423307	-4.710692842440918	2.7982106814382183e-6	5.0670301528746115e-6	Placebo
CXCL1	Day*Allocation	Day1 Anakinra - Day4 Anakinra	1	Anakinra	4	Anakinra	0	0.2973547280758333	0.05210217890215361	1044.660518137212	5.707145734428054	1.495803590418165e-8	3.340628018600569e-8	Anakinra
CXCL1	Day*Allocation	Day1 Anakinra - Day7 Anakinra	1	Anakinra	7	Anakinra	0	0.20791658286740966	0.05238390179428065	1048.4936025793097	3.969093094361869	7.706050172706755e-5	9.92894926098755e-5	Anakinra
CXCL1	Day*Allocation	Day1 Placebo - Day4 Placebo	1	Placebo	4	Placebo	0	0.21076618780729509	0.07675195647091879	1049.4473626624056	2.74606925345485	0.0061345259535758945	0.011417034413599581	Placebo
CXCL1	Day*Allocation	Day1 Placebo - Day7 Placebo	1	Placebo	7	Placebo	0	0.04512775933832683	0.07771533189161806	1055.7749783078457	0.5806802626959386	0.5615798889322857	0.5879039462259866	Placebo
CCL4	Day*Allocation	Day1 Anakinra - Day4 Anakinra	1	Anakinra	4	Anakinra	0	-0.44900289613909944	0.0471594686471648	1039.7877729639658	-9.520949005987013	1.1582181432861514e-20	4.5647420941277734e-20	Anakinra
CCL4	Day*Allocation	Day1 Anakinra - Day7 Anakinra	1	Anakinra	7	Anakinra	0	-0.7511543707012313	0.04742274231957081	1043.0914606397198	-15.839538878611805	8.460139337328112e-51	5.152993960008941e-50	Anakinra
CCL4	Day*Allocation	Day1 Placebo - Day4 Placebo	1	Placebo	4	Placebo	0	-0.3667722628864628	0.06948618850484577	1044.0186835527834	-5.278347694389442	1.5851831896771545e-7	5.589856510966808e-7	Placebo
CCL4	Day*Allocation	Day1 Placebo - Day7 Placebo	1	Placebo	7	Placebo	0	-0.6568828595781453	0.07037838289823352	1049.3781844022778	-9.333588419159783	5.909973887056964e-20	3.959682504328166e-19	Placebo
CD6	Day*Allocation	Day1 Anakinra - Day4 Anakinra	1	Anakinra	4	Anakinra	0	-0.07002893105272721	0.04821098159264992	1040.7060927048926	-1.4525514465651033	0.14664975934562435	0.194189988683309	Anakinra
CD6	Day*Allocation	Day1 Anakinra - Day7 Anakinra	1	Anakinra	7	Anakinra	0	-0.3118721524001656	0.0484785569668091	1044.1101123202702	-6.433197931483176	1.8994023042563169e-10	3.348946168030874e-10	Anakinra
CD6	Day*Allocation	Day1 Placebo - Day4 Placebo	1	Placebo	4	Placebo	0	-0.1300726032092947	0.07103257842904405	1045.044868917102	-1.8311682623097651	0.06736001228034892	0.09026241645566756	Placebo
CD6	Day*Allocation	Day1 Placebo - Day7 Placebo	1	Placebo	7	Placebo	0	-0.2809124734815144	0.07194086128074084	1050.5854533301763	-3.904769396425296	1.0033203123997629e-4	1.608609421620564e-4	Placebo
SCF	Day*Allocation	Day1 Anakinra - Day4 Anakinra	1	Anakinra	4	Anakinra	0	0.4452665114465818	0.04358440499893543	1035.3190308246105	10.216188828491697	2.0727185233452403e-23	1.0682472389548547e-22	Anakinra
SCF	Day*Allocation	Day1 Anakinra - Day7 Anakinra	1	Anakinra	7	Anakinra	0	0.42393162383499744	0.04383446642390953	1038.13157086199	9.671193889650354	3.046530629423656e-21	8.164702086855399e-21	Anakinra
SCF	Day*Allocation	Day1 Placebo - Day4 Placebo	1	Placebo	4	Placebo	0	0.457916385611312	0.0642314066851184	1039.0048007273767	7.1291663882772385	1.887791887213282e-12	1.264820564432899e-11	Placebo
SCF	Day*Allocation	Day1 Placebo - Day7 Placebo	1	Placebo	7	Placebo	0	0.4144812148368781	0.06507218354494979	1043.4938719044849	6.36956057499696	2.837393075331446e-10	7.040938372118774e-10	Placebo
IL18	Day*Allocation	Day1 Anakinra - Day4 Anakinra	1	Anakinra	4	Anakinra	0	0.3322584576989267	0.030785316736578344	1022.2006955423526	10.792757487018008	8.603324710796356e-26	5.240206869303235e-25	Anakinra
IL18	Day*Allocation	Day1 Anakinra - Day7 Anakinra	1	Anakinra	7	Anakinra	0	0.6263457575113963	0.030974922657862735	1023.5561639613582	20.221059611020642	9.230885485498024e-77	1.236938655056735e-75	Anakinra
IL18	Day*Allocation	Day1 Placebo - Day4 Placebo	1	Placebo	4	Placebo	0	0.3106816724558419	0.04539486320973402	1024.0983097549415	6.843983007954574	1.32427203963897e-11	7.393852221317582e-11	Placebo
IL18	Day*Allocation	Day1 Placebo - Day7 Placebo	1	Placebo	7	Placebo	0	0.6034219663277115	0.0460190346107438	1026.1588361309564	13.112442958263058	1.9816694024013006e-36	3.3192962490221785e-35	Placebo
SLAMF1	Day*Allocation	Day1 Anakinra - Day4 Anakinra	1	Anakinra	4	Anakinra	0	0.17583331426507365	0.05349100878265132	1046.7676984731786	3.2871564449182995	0.00104568275705472	0.00194613179785184	Anakinra
SLAMF1	Day*Allocation	Day1 Anakinra - Day7 Anakinra	1	Anakinra	7	Anakinra	0	0.1890755442267228	0.05377606330684461	1050.827087520781	3.5159796496791405	4.5682814030896616e-4	5.668052851981617e-4	Anakinra
SLAMF1	Day*Allocation	Day1 Placebo - Day4 Placebo	1	Placebo	4	Placebo	0	0.13978619893463168	0.07879023217132579	1051.7823222856643	1.7741564541994612	0.07632652207329561	0.09834378805597704	Placebo
SLAMF1	Day*Allocation	Day1 Placebo - Day7 Placebo	1	Placebo	7	Placebo	0	-0.09897114998094286	0.07976896797064086	1058.5333613773773	-1.2407224576024276	0.21498320805502702	0.24834267137391053	Placebo
TGF-alpha	Day*Allocation	Day1 Anakinra - Day4 Anakinra	1	Anakinra	4	Anakinra	0	0.04329297629834961	0.053579410199820696	1046.771902452887	0.8080151710683536	0.41926543069887134	0.45307715898103834	Anakinra
TGF-alpha	Day*Allocation	Day1 Anakinra - Day7 Anakinra	1	Anakinra	7	Anakinra	0	-0.13665198308566043	0.053864927395486324	1050.8317411495964	-2.536938035436976	0.011326396643035226	0.013083940949713106	Anakinra
TGF-alpha	Day*Allocation	Day1 Placebo - Day4 Placebo	1	Placebo	4	Placebo	0	-0.24524885559156367	0.0789204288466035	1051.786973013018	-3.1075459063742588	0.0019370890583560358	0.003932877785147103	Placebo
TGF-alpha	Day*Allocation	Day1 Placebo - Day7 Placebo	1	Placebo	7	Placebo	0	-0.4014463156388567	0.07990076127313363	1058.5388591720396	-5.024311523973449	5.927616534072427e-7	1.103195299396813e-6	Placebo
MCP-4	Day*Allocation	Day1 Anakinra - Day4 Anakinra	1	Anakinra	4	Anakinra	0	-0.368029006242816	0.03978582435070593	1030.5680804672234	-9.250254638403288	1.2547489123203996e-19	4.424640901340356e-19	Anakinra
MCP-4	Day*Allocation	Day1 Anakinra - Day7 Anakinra	1	Anakinra	7	Anakinra	0	-0.6506721879116552	0.040020386906618396	1032.8545755118353	-16.258518175496445	4.265780923238461e-53	2.8580732185697688e-52	Anakinra
MCP-4	Day*Allocation	Day1 Placebo - Day4 Placebo	1	Placebo	4	Placebo	0	-0.4264322331726276	0.05864559832119663	1033.6380430402892	-7.271342528336003	7.016227778145297e-13	5.876090764196686e-12	Placebo
MCP-4	Day*Allocation	Day1 Placebo - Day7 Placebo	1	Placebo	7	Placebo	0	-0.6509453462012361	0.059427998154109686	1037.2240645002607	-10.953512930272254	1.6949921301145096e-26	1.2618274746408016e-25	Placebo
CCL11	Day*Allocation	Day1 Anakinra - Day4 Anakinra	1	Anakinra	4	Anakinra	0	-0.31668581665828205	0.04729214903484851	1038.4582295344856	-6.696371874006475	3.492822090860448e-11	9.000733849525001e-11	Anakinra
CCL11	Day*Allocation	Day1 Anakinra - Day7 Anakinra	1	Anakinra	7	Anakinra	0	-0.5089032948422815	0.047558370134820165	1041.6162631715117	-10.700604192272028	2.0018771175466255e-25	6.096625767073814e-25	Anakinra
CCL11	Day*Allocation	Day1 Placebo - Day4 Placebo	1	Placebo	4	Placebo	0	-0.32953649461051693	0.06968584561654001	1042.5304474204802	-4.728887074483618	2.5675243939442506e-6	7.819278836102946e-6	Placebo
CCL11	Day*Allocation	Day1 Placebo - Day7 Placebo	1	Placebo	7	Placebo	0	-0.6014161581191133	0.07058588302698475	1047.6290463330693	-8.520346170199414	5.473510138013035e-17	2.8209629172836413e-16	Placebo
TNFSF14	Day*Allocation	Day1 Anakinra - Day4 Anakinra	1	Anakinra	4	Anakinra	0	-0.09003796994044198	0.051572754705251994	1044.1788433348925	-1.7458437202942898	0.0811322125032175	0.11324704661907442	Anakinra
TNFSF14	Day*Allocation	Day1 Anakinra - Day7 Anakinra	1	Anakinra	7	Anakinra	0	-0.4203387659640012	0.05185252598812104	1047.959952138583	-8.106427950304623	1.4445577537204039e-15	3.0245427968520954e-15	Anakinra
TNFSF14	Day*Allocation	Day1 Placebo - Day4 Placebo	1	Placebo	4	Placebo	0	-0.31387979580714664	0.07597373118124019	1048.9125436504066	-4.1314253088132045	3.892236831633715e-5	1.0029994912286882e-4	Placebo
TNFSF14	Day*Allocation	Day1 Placebo - Day7 Placebo	1	Placebo	7	Placebo	0	-0.5621233207157599	0.07692955818838983	1055.1437252985754	-7.306987508484031	5.381569579255182e-13	1.89771137794788e-12	Placebo
MMP-1	Day*Allocation	Day1 Anakinra - Day4 Anakinra	1	Anakinra	4	Anakinra	0	-0.1933617253413121	0.04221196367856962	1032.2393206487268	-4.580732770777943	5.198711217846406e-6	1.0554959139263915e-5	Anakinra
MMP-1	Day*Allocation	Day1 Anakinra - Day7 Anakinra	1	Anakinra	7	Anakinra	0	-0.41513838861581237	0.0424585113548042	1034.7112039371189	-9.777506920737562	1.1773809140280318e-21	3.2868550516615886e-21	Anakinra
MMP-1	Day*Allocation	Day1 Placebo - Day4 Placebo	1	Placebo	4	Placebo	0	-0.29297832582261474	0.0622172580762478	1035.5301081131358	-4.708955921258491	2.828352281168033e-6	8.239113166880792e-6	Placebo
MMP-1	Day*Allocation	Day1 Placebo - Day7 Placebo	1	Placebo	7	Placebo	0	-0.4345340592943741	0.06304190964329666	1039.430956278284	-6.892780719255683	9.473982705862257e-12	2.8047735126693297e-11	Placebo
LIF-R	Day*Allocation	Day1 Anakinra - Day4 Anakinra	1	Anakinra	4	Anakinra	0	0.48913899237369957	0.04947073361941239	1042.7952009555552	9.887441656651735	4.267830340498744e-22	1.9062975520894388e-21	Anakinra
LIF-R	Day*Allocation	Day1 Anakinra - Day7 Anakinra	1	Anakinra	7	Anakinra	0	0.7100484067021192	0.049741593070363944	1046.426541623954	14.27474197896501	2.2681143407065678e-42	1.0130910721822669e-41	Anakinra
LIF-R	Day*Allocation	Day1 Placebo - Day4 Placebo	1	Placebo	4	Placebo	0	0.49144374747099595	0.07288175993833348	1047.374023426573	6.743027993380168	2.559224513395306e-11	1.3189849415191193e-10	Placebo
LIF-R	Day*Allocation	Day1 Placebo - Day7 Placebo	1	Placebo	7	Placebo	0	0.6451191197912325	0.07380473724088335	1053.329022434084	8.740890407694259	8.981627054798151e-18	5.47062738792251e-17	Placebo
FGF-21	Day*Allocation	Day1 Anakinra - Day4 Anakinra	1	Anakinra	4	Anakinra	0	-0.058117789259110236	0.05421268690606478	1053.270865227703	-1.0720329977337573	0.28395077886936726	0.3459036760772292	Anakinra
FGF-21	Day*Allocation	Day1 Anakinra - Day7 Anakinra	1	Anakinra	7	Anakinra	0	0.2317762877736577	0.054488054954239674	1058.0153478870257	4.253708229598373	2.2886835023666e-5	3.066835893171244e-5	Anakinra
FGF-21	Day*Allocation	Day1 Placebo - Day4 Placebo	1	Placebo	4	Placebo	0	-0.029297389168639602	0.07982911207336414	1058.939577553502	-0.3670013157820779	0.713691361014859	0.7590050982221516	Placebo
FGF-21	Day*Allocation	Day1 Placebo - Day7 Placebo	1	Placebo	7	Placebo	0	0.11329562288433194	0.08078715773258946	1067.0080849555295	1.4023964459716176	0.1610877610847984	0.19272999986931236	Placebo
CCL19	Day*Allocation	Day1 Anakinra - Day4 Anakinra	1	Anakinra	4	Anakinra	0	0.36352341460890225	0.03919311948736804	1029.7452828278836	9.275184505945386	1.0127386434869505e-19	3.769638284090316e-19	Anakinra
CCL19	Day*Allocation	Day1 Anakinra - Day7 Anakinra	1	Anakinra	7	Anakinra	0	0.3886799623640929	0.039425236163273	1031.940400465091	9.858659077004384	5.669897320211831e-22	1.6516657411051855e-21	Anakinra
CCL19	Day*Allocation	Day1 Placebo - Day4 Placebo	1	Placebo	4	Placebo	0	0.3623554611727032	0.0577740020263284	1032.7048695554577	6.271946696847707	5.234040770585066e-10	2.1917545726824966e-9	Placebo
CCL19	Day*Allocation	Day1 Placebo - Day7 Placebo	1	Placebo	7	Placebo	0	0.39046283500386464	0.058547204405445155	1036.1370777065392	6.669196915020418	4.1770913945515687e-11	1.1661046809789795e-10	Placebo
IL-10RB	Day*Allocation	Day1 Anakinra - Day4 Anakinra	1	Anakinra	4	Anakinra	0	0.07191831657684385	0.043301881561984175	1034.7034628377967	1.660858927663383	0.09704474089006807	0.13269382938029714	Anakinra
IL-10RB	Day*Allocation	Day1 Anakinra - Day7 Anakinra	1	Anakinra	7	Anakinra	0	-0.2195541172728115	0.043551225545856234	1037.4480311430762	-5.041284476406689	5.454092559897806e-7	8.1205378114034e-7	Anakinra
IL-10RB	Day*Allocation	Day1 Placebo - Day4 Placebo	1	Placebo	4	Placebo	0	-0.025863969378961918	0.06381678529144433	1038.3115321631908	-0.40528474226402944	0.6853517103225673	0.7406220095421291	Placebo
IL-10RB	Day*Allocation	Day1 Placebo - Day7 Placebo	1	Placebo	7	Placebo	0	-0.330521316195139	0.06465426554202862	1042.6822251122608	-5.1121347280680665	3.7879991154286916e-7	7.931123147928823e-7	Placebo
IL-18R1	Day*Allocation	Day1 Anakinra - Day4 Anakinra	1	Anakinra	4	Anakinra	0	0.6347661550741031	0.03957070464917191	1031.7873735234252	16.041315430236764	7.182445005917376e-52	1.2030595384911605e-50	Anakinra
IL-18R1	Day*Allocation	Day1 Anakinra - Day7 Anakinra	1	Anakinra	7	Anakinra	0	0.8488222184468365	0.03980241634744507	1034.2091542457358	21.32589667514803	6.310835064680169e-84	1.4094198311119043e-82	Anakinra
IL-18R1	Day*Allocation	Day1 Placebo - Day4 Placebo	1	Placebo	4	Placebo	0	0.5554248995317584	0.05832539657549984	1035.0188911060036	9.522865374996357	1.1482575220906147e-20	1.282220899667853e-19	Placebo
IL-18R1	Day*Allocation	Day1 Placebo - Day7 Placebo	1	Placebo	7	Placebo	0	0.6874283813119575	0.05909984261687063	1038.8342886443172	11.631644872024149	1.7473326655095307e-29	1.4633911073642318e-28	Placebo
PD-L1	Day*Allocation	Day1 Anakinra - Day4 Anakinra	1	Anakinra	4	Anakinra	0	0.36401239264022034	0.04341390837767919	1034.8170283548316	8.38469527952875	1.6472266358520235e-16	5.016553845549344e-16	Anakinra
PD-L1	Day*Allocation	Day1 Anakinra - Day7 Anakinra	1	Anakinra	7	Anakinra	0	0.5877524633349304	0.04366373068055956	1037.5741415694777	13.46088513679423	3.474233279819667e-38	1.2251243670943035e-37	Anakinra
PD-L1	Day*Allocation	Day1 Placebo - Day4 Placebo	1	Placebo	4	Placebo	0	0.2842985565217534	0.06398156483414139	1038.4394796969045	4.443444877578987	9.802915024841554e-6	2.7322961643416993e-5	Placebo
PD-L1	Day*Allocation	Day1 Placebo - Day7 Placebo	1	Placebo	7	Placebo	0	0.5168096188484375	0.06482081460616117	1042.8319826605327	7.972896082662237	4.049810009648483e-15	1.808915137642989e-14	Placebo
CXCL5	Day*Allocation	Day1 Anakinra - Day4 Anakinra	1	Anakinra	4	Anakinra	0	-0.006509473468278994	0.045734911932952246	1036.393547841117	-0.14233051279997946	0.8868466098956785	0.9002836797425827	Anakinra
CXCL5	Day*Allocation	Day1 Anakinra - Day7 Anakinra	1	Anakinra	7	Anakinra	0	-0.24369510528535263	0.04599563391288724	1039.3245733749995	-5.29822256057815	1.4273056983552628e-7	2.1733973134046046e-7	Anakinra
CXCL5	Day*Allocation	Day1 Placebo - Day4 Placebo	1	Placebo	4	Placebo	0	-0.04455953544096519	0.06739744374161831	1040.2134447156322	-0.6611457789377466	0.508665233139477	0.5680095103390826	Placebo
CXCL5	Day*Allocation	Day1 Placebo - Day7 Placebo	1	Placebo	7	Placebo	0	-0.31776110348176667	0.06827569519283311	1044.9100754894707	-4.654088143435294	3.6720492551897644e-6	6.474402634150374e-6	Placebo
TRANCE	Day*Allocation	Day1 Anakinra - Day4 Anakinra	1	Anakinra	4	Anakinra	0	-0.36542252451345925	0.04923465523848573	1046.595525997939	-7.422059172414309	2.382898996745172e-13	6.652259699246938e-13	Anakinra
TRANCE	Day*Allocation	Day1 Anakinra - Day7 Anakinra	1	Anakinra	7	Anakinra	0	-0.7193771317475254	0.04949734427403141	1050.6364932575473	-14.53365109378088	9.614942378460158e-44	4.955393379667928e-43	Anakinra
TRANCE	Day*Allocation	Day1 Placebo - Day4 Placebo	1	Placebo	4	Placebo	0	-0.29510462361072265	0.07252135886093919	1051.5918270492853	-4.069209792064021	5.070265629289408e-5	1.2581770265273715e-4	Placebo
TRANCE	Day*Allocation	Day1 Placebo - Day7 Placebo	1	Placebo	7	Placebo	0	-0.6119813941777291	0.07342299997643652	1058.3081821161907	-8.335009389076053	2.384874239454324e-16	1.141332671738855e-15	Placebo
HGF	Day*Allocation	Day1 Anakinra - Day4 Anakinra	1	Anakinra	4	Anakinra	0	0.049959726781806865	0.05453483043778692	1047.787241615256	0.9161067593086347	0.35982169571973144	0.40861107819020354	Anakinra
HGF	Day*Allocation	Day1 Anakinra - Day7 Anakinra	1	Anakinra	7	Anakinra	0	-0.05256616760778954	0.054823360183273225	1051.9554493399285	-0.9588279053319981	0.3378657632493197	0.35931755774134	Anakinra
HGF	Day*Allocation	Day1 Placebo - Day4 Placebo	1	Placebo	4	Placebo	0	-0.12449252639230822	0.08032396757880537	1052.909310007357	-1.5498801932333501	0.12147077996926871	0.15355740109322646	Placebo
HGF	Day*Allocation	Day1 Placebo - Day7 Placebo	1	Placebo	7	Placebo	0	-0.1994495823015676	0.08131662057764377	1059.866015161469	-2.4527529659342715	0.014337055429685702	0.018472744495941194	Placebo
IL-12B	Day*Allocation	Day1 Anakinra - Day4 Anakinra	1	Anakinra	4	Anakinra	0	0.7891638238379153	0.043398665512033544	1046.119537897977	18.184057378886376	2.0338085215505668e-64	6.813258547194399e-63	Anakinra
IL-12B	Day*Allocation	Day1 Anakinra - Day7 Anakinra	1	Anakinra	7	Anakinra	0	0.8891816594128089	0.04363098663409967	1050.1095104067133	20.379590928568906	4.692603434877832e-78	7.860110753420368e-77	Anakinra
IL-12B	Day*Allocation	Day1 Placebo - Day4 Placebo	1	Placebo	4	Placebo	0	0.7592877711318848	0.06392649716813736	1051.064916182873	11.877512530286639	1.276351989910607e-30	2.850519444133689e-29	Placebo
IL-12B	Day*Allocation	Day1 Placebo - Day7 Placebo	1	Placebo	7	Placebo	0	0.8286626619196062	0.06472316811840334	1057.6854600520448	12.803184485710997	5.381215334455306e-35	7.21082854817011e-34	Placebo
MMP-10	Day*Allocation	Day1 Anakinra - Day4 Anakinra	1	Anakinra	4	Anakinra	0	0.4191230709505823	0.042261836827865475	1035.012108336406	9.917294240136581	3.300183479272916e-22	1.579373522223467e-21	Anakinra
MMP-10	Day*Allocation	Day1 Anakinra - Day7 Anakinra	1	Anakinra	7	Anakinra	0	0.5153259668796366	0.04250475039099886	1037.7907657887592	12.123961725199687	9.836839516137525e-32	3.138420226577211e-31	Anakinra
MMP-10	Day*Allocation	Day1 Placebo - Day4 Placebo	1	Placebo	4	Placebo	0	0.3189700464365417	0.06228315286256796	1038.6592150096878	5.121289333896936	3.6153154824898045e-7	1.2111306866340845e-6	Placebo
MMP-10	Day*Allocation	Day1 Placebo - Day7 Placebo	1	Placebo	7	Placebo	0	0.32102773850203514	0.0630994662238113	1043.0892138899198	5.087645866343188	4.297338181157794e-7	8.724898731441581e-7	Placebo
IL10	Day*Allocation	Day1 Anakinra - Day4 Anakinra	1	Anakinra	4	Anakinra	0	0.7298598970763766	0.04944380580616481	1046.367288612521	14.761402063944182	6.165670368013222e-45	6.884998577614765e-44	Anakinra
IL10	Day*Allocation	Day1 Anakinra - Day7 Anakinra	1	Anakinra	7	Anakinra	0	0.9599146280274548	0.04970803167043317	1050.3838157441476	19.31105690106055	2.4126039578835897e-71	2.694074419636675e-70	Anakinra
IL10	Day*Allocation	Day1 Placebo - Day4 Placebo	1	Placebo	4	Placebo	0	0.8439585389216955	0.07283019643058468	1051.339221113404	11.588030518715987	2.624760256906159e-29	4.396473430317816e-28	Placebo
IL10	Day*Allocation	Day1 Placebo - Day7 Placebo	1	Placebo	7	Placebo	0	0.9354897539582999	0.07373670998087561	1058.0096202851669	12.68689305775819	1.95692725386775e-34	2.1852354334856542e-33	Placebo
TNF	Day*Allocation	Day1 Anakinra - Day4 Anakinra	1	Anakinra	4	Anakinra	0	0.21535382449679003	0.05043862419157458	1042.2022228378548	4.269621306061782	2.1366795372214087e-5	4.090215114109554e-5	Anakinra
TNF	Day*Allocation	Day1 Anakinra - Day7 Anakinra	1	Anakinra	7	Anakinra	0	0.32263182469098745	0.05071586264173092	1045.7691789887947	6.361556481255903	2.980929037791318e-10	5.1210832187697e-10	Anakinra
TNF	Day*Allocation	Day1 Placebo - Day4 Placebo	1	Placebo	4	Placebo	0	0.1588950695159429	0.07430968625930032	1046.7136664115392	2.138282066775059	0.032724877648695555	0.05338499353420927	Placebo
TNF	Day*Allocation	Day1 Placebo - Day7 Placebo	1	Placebo	7	Placebo	0	0.28117766247088694	0.07525336015177508	1052.5507062174927	3.7364133894326113	1.9669141764511397e-4	2.995073859596054e-4	Placebo
CCL23	Day*Allocation	Day1 Anakinra - Day4 Anakinra	1	Anakinra	4	Anakinra	0	0.5077997333742096	0.04736457982694207	1039.6758771159368	10.721085993575338	1.6487505178462975e-25	9.205523724641827e-25	Anakinra
CCL23	Day*Allocation	Day1 Anakinra - Day7 Anakinra	1	Anakinra	7	Anakinra	0	0.6885777923535203	0.04762918551462552	1042.9673238247203	14.457055792862096	2.587738554361406e-43	1.2384177367301014e-42	Anakinra
CCL23	Day*Allocation	Day1 Placebo - Day4 Placebo	1	Placebo	4	Placebo	0	0.4526283392801459	0.06978875701718144	1043.8935468880013	6.4856913724471745	1.3608541272469447e-10	6.078481768369686e-10	Placebo
CCL23	Day*Allocation	Day1 Placebo - Day7 Placebo	1	Placebo	7	Placebo	0	0.5518795850241536	0.07068528456773206	1049.2310309707161	7.807559782762585	1.406457337266171e-14	5.889540099802091e-14	Placebo
CD5	Day*Allocation	Day1 Anakinra - Day4 Anakinra	1	Anakinra	4	Anakinra	0	-0.12502721415648668	0.050331953560051206	1045.335493241436	-2.4840524818357457	0.013145405547486567	0.020970051706704764	Anakinra
CD5	Day*Allocation	Day1 Anakinra - Day7 Anakinra	1	Anakinra	7	Anakinra	0	-0.460629352452958	0.05060285274552591	1049.2412628197874	-9.102833683495936	4.3259630108565776e-19	9.994466266461748e-19	Anakinra
CD5	Day*Allocation	Day1 Placebo - Day4 Placebo	1	Placebo	4	Placebo	0	-0.14406775080455478	0.07414193896615871	1050.1961362693028	-1.9431343826914609	0.05226685578145366	0.07450807100760415	Placebo
CD5	Day*Allocation	Day1 Placebo - Day7 Placebo	1	Placebo	7	Placebo	0	-0.4230162080479961	0.07506949790759085	1056.6591187784052	-5.6349945029434085	2.2444763782934977e-8	5.012663911522145e-8	Placebo
CCL3	Day*Allocation	Day1 Anakinra - Day4 Anakinra	1	Anakinra	4	Anakinra	0	-0.46439155088901113	0.056474053944841375	1055.5851173556744	-8.223095712990354	5.779368400083784e-16	1.6835551426331025e-15	Anakinra
CCL3	Day*Allocation	Day1 Anakinra - Day7 Anakinra	1	Anakinra	7	Anakinra	0	-0.7446439745303558	0.056755713050920954	1060.5674422064537	-13.12015891443853	1.4972526038900162e-36	5.0157962230315543e-36	Anakinra
CCL3	Day*Allocation	Day1 Placebo - Day4 Placebo	1	Placebo	4	Placebo	0	-0.2940672648999275	0.08314995786189884	1061.4685460056955	-3.5365894639217332	4.228313750024654e-4	9.443234041721728e-4	Placebo
CCL3	Day*Allocation	Day1 Placebo - Day7 Placebo	1	Placebo	7	Placebo	0	-0.6470082569244451	0.08413477180937974	1070.0072394238136	-7.690140984637621	3.320073082015838e-14	1.3084993911474186e-13	Placebo
Flt3L	Day*Allocation	Day1 Anakinra - Day4 Anakinra	1	Anakinra	4	Anakinra	0	-0.04857115828827096	0.05263296134287162	1049.9225479195468	-0.9228277689309463	0.3563089841074699	0.40861107819020354	Anakinra
Flt3L	Day*Allocation	Day1 Anakinra - Day7 Anakinra	1	Anakinra	7	Anakinra	0	-0.3215648826880666	0.05290715537966479	1054.3170707134793	-6.0779091293133884	1.6991385678041105e-9	2.776641074216473e-9	Anakinra
Flt3L	Day*Allocation	Day1 Placebo - Day4 Placebo	1	Placebo	4	Placebo	0	-0.019496062262209443	0.07751505323038703	1055.263766346777	-0.25151324097351846	0.8014662961483615	0.8014662961483615	Placebo
Flt3L	Day*Allocation	Day1 Placebo - Day7 Placebo	1	Placebo	7	Placebo	0	-0.26580457996940926	0.0784624249691178	1062.6525288409198	-3.3876671549984323	7.307356489954147e-4	0.0010199851767227664	Placebo
CXCL6	Day*Allocation	Day1 Anakinra - Day4 Anakinra	1	Anakinra	4	Anakinra	0	-0.10431865630306802	0.04898540144689463	1040.8986815626024	-2.1295866364627125	0.03343988009657749	0.050919817419788446	Anakinra
CXCL6	Day*Allocation	Day1 Anakinra - Day7 Anakinra	1	Anakinra	7	Anakinra	0	-0.3864942583747361	0.049256939140714294	1044.3237126256925	-7.846493613227211	1.0540721065996865e-14	2.0177951754908286e-14	Anakinra
CXCL6	Day*Allocation	Day1 Placebo - Day4 Placebo	1	Placebo	4	Placebo	0	-0.15367564359620206	0.07217295701889219	1045.259897847099	-2.1292690495690167	0.033465219827414766	0.05338499353420927	Placebo
CXCL6	Day*Allocation	Day1 Placebo - Day7 Placebo	1	Placebo	7	Placebo	0	-0.4126304623525227	0.07309501372362134	1050.8385459529866	-5.645124630699361	2.1227684099925676e-8	4.904327016189725e-8	Placebo
CXCL10	Day*Allocation	Day1 Anakinra - Day4 Anakinra	1	Anakinra	4	Anakinra	0	0.7819164944750105	0.04391299743424523	1041.9130836989402	17.80603785122713	3.988428605501515e-62	8.907490552286717e-61	Anakinra
CXCL10	Day*Allocation	Day1 Anakinra - Day7 Anakinra	1	Anakinra	7	Anakinra	0	1.1612444753589262	0.044154824109379875	1045.4486045186	26.299379485292555	2.081949898435568e-117	1.3949064319518306e-115	Anakinra
CXCL10	Day*Allocation	Day1 Placebo - Day4 Placebo	1	Placebo	4	Placebo	0	0.9471388997776506	0.0646965277608525	1046.3914551509906	14.639717656544144	2.7335950412847513e-44	1.8315086776607833e-42	Placebo
CXCL10	Day*Allocation	Day1 Placebo - Day7 Placebo	1	Placebo	7	Placebo	0	1.3022561834076478	0.06551922584311828	1052.1710699802309	19.87593972074425	6.845563415342732e-75	4.5865274882796305e-73	Placebo
4E-BP1	Day*Allocation	Day1 Anakinra - Day4 Anakinra	1	Anakinra	4	Anakinra	0	0.23955412725746678	0.053626334425034	1046.0796377426648	4.4670986713132015	8.791160626939e-6	1.7323757706026855e-5	Anakinra
4E-BP1	Day*Allocation	Day1 Anakinra - Day7 Anakinra	1	Anakinra	7	Anakinra	0	0.21827520554726337	0.05391348572008968	1050.0653312359946	4.0486197958060774	5.530568484337499e-5	7.265648793149263e-5	Anakinra
4E-BP1	Day*Allocation	Day1 Placebo - Day4 Placebo	1	Placebo	4	Placebo	0	0.14368558931871325	0.07899206016946493	1051.0207295354387	1.8189877439638695	0.0691977574262103	0.09090685779521746	Placebo
4E-BP1	Day*Allocation	Day1 Placebo - Day7 Placebo	1	Placebo	7	Placebo	0	0.0859850807522122	0.0799766775811116	1057.6332471699811	1.0751269414137257	0.28256310190551687	0.3078151213134629	Placebo
SIRT2	Day*Allocation	Day1 Anakinra - Day4 Anakinra	1	Anakinra	4	Anakinra	0	0.09671948486998419	0.06677972401384864	1069.180531033657	1.4483360974946033	0.1478162600425188	0.194189988683309	Anakinra
SIRT2	Day*Allocation	Day1 Anakinra - Day7 Anakinra	1	Anakinra	7	Anakinra	0	-0.07988491410175644	0.06707437707254425	1075.468437833322	-1.1909900261221502	0.23392028879112725	0.25278482820976655	Anakinra
SIRT2	Day*Allocation	Day1 Placebo - Day4 Placebo	1	Placebo	4	Placebo	0	0.07985376779055152	0.09825927091035158	1076.127657561778	0.8126843100984067	0.4165788268109669	0.48122036890232384	Placebo
SIRT2	Day*Allocation	Day1 Placebo - Day7 Placebo	1	Placebo	7	Placebo	0	-0.031448060743058864	0.09932385264503758	1087.3750403750944	-0.31662143488782674	0.7515916420808387	0.7629793942335787	Placebo
DNER	Day*Allocation	Day1 Anakinra - Day4 Anakinra	1	Anakinra	4	Anakinra	0	-0.10939567328259152	0.04686856121511404	1039.6173266242322	-2.334094976385021	0.019780505919004987	0.03082078829240312	Anakinra
DNER	Day*Allocation	Day1 Anakinra - Day7 Anakinra	1	Anakinra	7	Anakinra	0	-0.4255471232162183	0.047130492591523444	1042.9023668208038	-9.029125303323356	8.171121685903977e-19	1.8248838431852218e-18	Anakinra
DNER	Day*Allocation	Day1 Placebo - Day4 Placebo	1	Placebo	4	Placebo	0	-0.08896675877648488	0.06905808644540808	1043.8280595889541	-1.2882887921722976	0.19793094146280804	0.24111587414560254	Placebo
DNER	Day*Allocation	Day1 Placebo - Day7 Placebo	1	Placebo	7	Placebo	0	-0.353419664840538	0.0699454594211216	1049.154027439299	-5.052789241295841	5.133513051319443e-7	9.827010698240077e-7	Placebo
EN-RAGE	Day*Allocation	Day1 Anakinra - Day4 Anakinra	1	Anakinra	4	Anakinra	0	-0.022980244208822723	0.05463040090389675	1048.4791762975265	-0.42064937889159	0.6740973319551242	0.7056956443905207	Anakinra
EN-RAGE	Day*Allocation	Day1 Anakinra - Day7 Anakinra	1	Anakinra	7	Anakinra	0	-0.27396822138784166	0.0549180073228583	1052.7209642601915	-4.988677389134055	7.107980088223584e-7	1.0352927519803916e-6	Anakinra
EN-RAGE	Day*Allocation	Day1 Placebo - Day4 Placebo	1	Placebo	4	Placebo	0	-0.1537521084025827	0.08046216009386588	1053.673132493516	-1.910862301275754	0.05629343039249023	0.07857624658951762	Placebo
EN-RAGE	Day*Allocation	Day1 Placebo - Day7 Placebo	1	Placebo	7	Placebo	0	-0.28396273370638087	0.08145299541739916	1060.7696668565623	-3.4862159734118707	5.099527787858966e-4	7.269539612479802e-4	Placebo
CD40	Day*Allocation	Day1 Anakinra - Day4 Anakinra	1	Anakinra	4	Anakinra	0	0.04248629682459737	0.05112292144768969	1044.2280755402173	0.8310615986230454	0.40612881252772504	0.44607590884192755	Anakinra
CD40	Day*Allocation	Day1 Anakinra - Day7 Anakinra	1	Anakinra	7	Anakinra	0	-0.2916045012065408	0.05140016033743651	1048.0145007565843	-5.6732216260063915	1.812210429713335e-8	2.823676716064964e-8	Anakinra
CD40	Day*Allocation	Day1 Placebo - Day4 Placebo	1	Placebo	4	Placebo	0	-0.104187838290107	0.07531089589959342	1048.967226076255	-1.3834364476159349	0.16682542345324458	0.20698709946976643	Placebo
CD40	Day*Allocation	Day1 Placebo - Day7 Placebo	1	Placebo	7	Placebo	0	-0.2853320623599032	0.07625815943161184	1055.2082577139167	-3.7416594432204784	1.9265752099823942e-4	2.995073859596054e-4	Placebo
IFN-gamma	Day*Allocation	Day1 Anakinra - Day4 Anakinra	1	Anakinra	4	Anakinra	0	0.7638844165258232	0.05076214016784531	1051.1119764431567	15.048309901829098	1.708436891049394e-46	2.289305434006188e-45	Anakinra
IFN-gamma	Day*Allocation	Day1 Anakinra - Day7 Anakinra	1	Anakinra	7	Anakinra	0	0.9676512902336177	0.05102426139253217	1055.6315467485103	18.964533024582728	3.011321073841693e-69	2.882264456391335e-68	Anakinra
IFN-gamma	Day*Allocation	Day1 Placebo - Day4 Placebo	1	Placebo	4	Placebo	0	0.8539117493806029	0.07475566873512121	1056.5717987115413	11.422702302433203	1.4147829298785006e-28	1.895809126037191e-27	Placebo
IFN-gamma	Day*Allocation	Day1 Placebo - Day7 Placebo	1	Placebo	7	Placebo	0	1.0307300542222788	0.0756635299222969	1064.2018132820622	13.622547815054267	4.521153194945526e-39	1.0097242135378341e-37	Placebo
FGF-19	Day*Allocation	Day1 Anakinra - Day4 Anakinra	1	Anakinra	4	Anakinra	0	0.4014988452004491	0.06007938567477663	1059.0353739795157	6.6828054363580485	3.7823904636076594e-11	9.385931891174562e-11	Anakinra
FGF-19	Day*Allocation	Day1 Anakinra - Day7 Anakinra	1	Anakinra	7	Anakinra	0	0.27291503765652103	0.06037059756977995	1064.365147579625	4.520661524694526	6.8553913066611635e-6	9.568983698881207e-6	Anakinra
FGF-19	Day*Allocation	Day1 Placebo - Day4 Placebo	1	Placebo	4	Placebo	0	0.26544586483961946	0.08844381406817718	1065.2210416826229	3.001293732481954	0.0027509751907060388	0.005421039346391312	Placebo
FGF-19	Day*Allocation	Day1 Placebo - Day7 Placebo	1	Placebo	7	Placebo	0	0.12599525143123688	0.08946990157520887	1074.4588799640724	1.4082417574286097	0.15934877045515672	0.19272999986931236	Placebo
MCP-2	Day*Allocation	Day1 Anakinra - Day4 Anakinra	1	Anakinra	4	Anakinra	0	0.7400176507311214	0.038911711299700655	1032.9115186238162	19.017864442698368	2.235079100353401e-69	1.4975029972367785e-67	Anakinra
MCP-2	Day*Allocation	Day1 Anakinra - Day7 Anakinra	1	Anakinra	7	Anakinra	0	1.0160741045312953	0.03913811484584577	1035.4578737563243	25.961242858357657	7.490666517214213e-115	2.5093732832667616e-113	Anakinra
MCP-2	Day*Allocation	Day1 Placebo - Day4 Placebo	1	Placebo	4	Placebo	0	0.7946844202291913	0.05735124098176396	1036.2898447405946	13.856446811358067	3.51074100277335e-40	1.1760982359290722e-38	Placebo
MCP-2	Day*Allocation	Day1 Placebo - Day7 Placebo	1	Placebo	7	Placebo	0	1.1366636627147417	0.05810936628913113	1040.3182082697579	19.560765076306556	8.410377723339645e-73	2.817476537318781e-71	Placebo
CASP-8	Day*Allocation	Day1 Anakinra - Day4 Anakinra	1	Anakinra	4	Anakinra	0	0.007033030006657949	0.05669747729335238	1050.863083328884	0.1240448489492592	0.9013034869041401	0.9013034869041401	Anakinra
CASP-8	Day*Allocation	Day1 Anakinra - Day7 Anakinra	1	Anakinra	7	Anakinra	0	-0.25148010269105636	0.056990792750318875	1055.3565506209397	-4.412644403681317	1.1259563700391087e-5	1.5395729957677607e-5	Anakinra
CASP-8	Day*Allocation	Day1 Placebo - Day4 Placebo	1	Placebo	4	Placebo	0	-0.022515121768319164	0.08349740519791989	1056.298293344138	-0.2696505563849554	0.7874817685819252	0.7994133105301362	Placebo
CASP-8	Day*Allocation	Day1 Placebo - Day7 Placebo	1	Placebo	7	Placebo	0	-0.12882883742340473	0.08451278890070575	1063.8777985364213	-1.5243709159186072	0.12771327477741967	0.15845906314976144	Placebo
CCL25	Day*Allocation	Day1 Anakinra - Day4 Anakinra	1	Anakinra	4	Anakinra	0	0.09673120147339535	0.045775745566836036	1036.3360448642657	2.1131540355177942	0.03482615058184863	0.05185226864408574	Anakinra
CCL25	Day*Allocation	Day1 Anakinra - Day7 Anakinra	1	Anakinra	7	Anakinra	0	0.1425487347306861	0.04603679058311038	1039.2607351976912	3.096409044269547	0.0020112873447020395	0.0024063616445542256	Anakinra
CCL25	Day*Allocation	Day1 Placebo - Day4 Placebo	1	Placebo	4	Placebo	0	0.2558135186370451	0.0674577910447909	1040.1488125001404	3.792201236876983	1.5791282988350246e-4	3.778628429355237e-4	Placebo
CCL25	Day*Allocation	Day1 Placebo - Day7 Placebo	1	Placebo	7	Placebo	0	0.2667616492636122	0.06833704273199824	1044.8343065520412	3.9036171101197406	1.0083820254934879e-4	1.608609421620564e-4	Placebo
CX3CL1	Day*Allocation	Day1 Anakinra - Day4 Anakinra	1	Anakinra	4	Anakinra	0	0.08791384408741117	0.04427859457330007	1034.1149470423547	1.9854705176307264	0.047355935337181486	0.06897494929546	Anakinra
CX3CL1	Day*Allocation	Day1 Anakinra - Day7 Anakinra	1	Anakinra	7	Anakinra	0	0.11000745412301595	0.044534441501203906	1036.7944716568115	2.4701657956133145	0.013665093983863567	0.015517988083370493	Anakinra
CX3CL1	Day*Allocation	Day1 Placebo - Day4 Placebo	1	Placebo	4	Placebo	0	0.13821815416022296	0.06525792833922059	1037.6481455469088	2.1180285319776635	0.03440990892806056	0.05361543949255949	Placebo
CX3CL1	Day*Allocation	Day1 Placebo - Day7 Placebo	1	Placebo	7	Placebo	0	0.16872162781769157	0.06611638896299016	1041.906031615586	2.5518881243217404	0.010855908463205464	0.014546917340695324	Placebo
TNFRSF9	Day*Allocation	Day1 Anakinra - Day4 Anakinra	1	Anakinra	4	Anakinra	0	-0.04309498499275153	0.04402011904433502	1038.2240588098266	-0.978983835762649	0.3278160262652623	0.3853276098205715	Anakinra
TNFRSF9	Day*Allocation	Day1 Anakinra - Day7 Anakinra	1	Anakinra	7	Anakinra	0	-0.40998197524568586	0.04426828035159661	1041.3563935756306	-9.261303398041283	1.1212289594145492e-19	2.6829407243133857e-19	Anakinra
TNFRSF9	Day*Allocation	Day1 Placebo - Day4 Placebo	1	Placebo	4	Placebo	0	-0.11926194882751348	0.06486513020823138	1042.2680181162093	-1.8386141898529504	0.06625634080820877	0.09026241645566756	Placebo
TNFRSF9	Day*Allocation	Day1 Placebo - Day7 Placebo	1	Placebo	7	Placebo	0	-0.4748590007039105	0.06570376247735457	1047.3208269888257	-7.227272576172106	9.482349097969265e-13	3.176586947819704e-12	Placebo
TWEAK	Day*Allocation	Day1 Anakinra - Day4 Anakinra	1	Anakinra	4	Anakinra	0	-0.019683762658899893	0.05175150201756014	1044.6638911077061	-0.3803515239465102	0.703761814252275	0.7254160239215757	Anakinra
TWEAK	Day*Allocation	Day1 Anakinra - Day7 Anakinra	1	Anakinra	7	Anakinra	0	-0.32301217697281903	0.05203132234201996	1048.4973392066527	-6.208033208334545	7.717473885323593e-10	1.2926768757917018e-9	Anakinra
TWEAK	Day*Allocation	Day1 Placebo - Day4 Placebo	1	Placebo	4	Placebo	0	-0.22045418394855254	0.07623536100199396	1049.4511063708733	-2.8917575918973677	0.0039099759655317244	0.007484811134017873	Placebo
TWEAK	Day*Allocation	Day1 Placebo - Day7 Placebo	1	Placebo	7	Placebo	0	-0.5317889869959687	0.07719223657676708	1055.7793978025463	-6.8891511708837285	9.628326983790236e-12	2.8047735126693297e-11	Placebo
CCL20	Day*Allocation	Day1 Anakinra - Day4 Anakinra	1	Anakinra	4	Anakinra	0	0.3430368381415875	0.04854395880537116	1041.5612445910199	7.066519636705692	2.9042071321418533e-12	7.783275114140168e-12	Anakinra
CCL20	Day*Allocation	Day1 Anakinra - Day7 Anakinra	1	Anakinra	7	Anakinra	0	0.3857150838800083	0.048811900611582665	1045.0584780334157	7.902070582117044	6.924500212257386e-15	1.3645338653566026e-14	Anakinra
CCL20	Day*Allocation	Day1 Placebo - Day4 Placebo	1	Placebo	4	Placebo	0	0.39019899558294246	0.07152041132491031	1045.9991799210497	5.4557711337859365	6.086078319544307e-8	2.2653735967192698e-7	Placebo
CCL20	Day*Allocation	Day1 Placebo - Day7 Placebo	1	Placebo	7	Placebo	0	0.33031216429650007	0.07243136273964786	1051.7090012622307	4.560347228089526	5.706975701471865e-6	9.804291589708074e-6	Placebo
ST1A1	Day*Allocation	Day1 Anakinra - Day4 Anakinra	1	Anakinra	4	Anakinra	0	-0.3114230588982192	0.05388315416678777	1049.929664864173	-5.77959964879288	9.864418106854124e-9	2.2790207350318147e-8	Anakinra
ST1A1	Day*Allocation	Day1 Anakinra - Day7 Anakinra	1	Anakinra	7	Anakinra	0	-0.736564359791688	0.054163846437748416	1054.3249381310795	-13.598819290617332	6.33849898841529e-39	2.4981143071989674e-38	Anakinra
ST1A1	Day*Allocation	Day1 Placebo - Day4 Placebo	1	Placebo	4	Placebo	0	-0.28133911497707104	0.07935624513758659	1055.2716003578041	-3.5452674769237102	4.094109256721276e-4	9.443234041721728e-4	Placebo
ST1A1	Day*Allocation	Day1 Placebo - Day7 Placebo	1	Placebo	7	Placebo	0	-0.5258079800326655	0.08032608300993321	1062.6618053460973	-6.545918340965829	9.183498159035447e-11	2.366516833289904e-10	Placebo
STAMBP	Day*Allocation	Day1 Anakinra - Day4 Anakinra	1	Anakinra	4	Anakinra	0	0.08323248024749277	0.05805899530836418	1052.7928192168995	1.4335845772980853	0.15198775887452923	0.19583038162679728	Anakinra
STAMBP	Day*Allocation	Day1 Anakinra - Day7 Anakinra	1	Anakinra	7	Anakinra	0	-0.11645751709740285	0.05835499148696493	1057.487739798935	-1.9956736198550658	0.046225622558823516	0.05077240510559305	Anakinra
STAMBP	Day*Allocation	Day1 Placebo - Day4 Placebo	1	Placebo	4	Placebo	0	0.07487545046211816	0.0854947828707409	1058.4159887767107	0.8757897025754419	0.3813430771396039	0.44824537137462217	Placebo
STAMBP	Day*Allocation	Day1 Placebo - Day7 Placebo	1	Placebo	7	Placebo	0	-0.09682132970049649	0.08652355957687256	1066.3873608339804	-1.119016949533552	0.2633849013738652	0.29411313986748283	Placebo
ADA	Day*Allocation	Day1 Anakinra - Day4 Anakinra	1	Anakinra	4	Anakinra	0	0.16997224661316868	0.05541294273808495	1048.575483695456	3.067374483549091	0.0022148643826929624	0.003905155622116539	Anakinra
ADA	Day*Allocation	Day1 Anakinra - Day7 Anakinra	1	Anakinra	7	Anakinra	0	0.19470659418250288	0.055704466531314306	1052.8274949090628	3.495349768282018	4.931571123160724e-4	6.007550277304882e-4	Anakinra
ADA	Day*Allocation	Day1 Placebo - Day4 Placebo	1	Placebo	4	Placebo	0	0.028024086581799917	0.08161435998759019	1053.7793793626472	0.34337200691227743	0.7313871081593001	0.7656708788542673	Placebo
ADA	Day*Allocation	Day1 Placebo - Day7 Placebo	1	Placebo	7	Placebo	0	0.08840566591128353	0.08261888387015842	1060.8953904935572	1.0700418811057706	0.284843843603503	0.3078151213134629	Placebo
TNFB	Day*Allocation	Day1 Anakinra - Day4 Anakinra	1	Anakinra	4	Anakinra	0	-0.08703913300133435	0.04636910682998027	1040.9701664123634	-1.8770931542951048	0.06078482448791759	0.08665070724873358	Anakinra
TNFB	Day*Allocation	Day1 Anakinra - Day7 Anakinra	1	Anakinra	7	Anakinra	0	-0.11345046376097899	0.04662602367425778	1044.4029937413252	-2.4332004923596986	0.015132956010899402	0.016898467545504333	Anakinra
TNFB	Day*Allocation	Day1 Placebo - Day4 Placebo	1	Placebo	4	Placebo	0	0.07834351011708114	0.0683180017985836	1045.3396959410782	1.146747680765824	0.2517483283456651	0.30119889284213497	Placebo
TNFB	Day*Allocation	Day1 Placebo - Day7 Placebo	1	Placebo	7	Placebo	0	0.05361602937058842	0.06919052459461332	1050.932479983558	0.7749042182397701	0.4385705708696329	0.46641632140103817	Placebo
CSF-1	Day*Allocation	Day1 Anakinra - Day4 Anakinra	1	Anakinra	4	Anakinra	0	0.6992660504032476	0.05783823711706072	1062.2814995275417	12.090030492941546	1.2774633500649678e-31	1.0698755556794106e-30	Anakinra
CSF-1	Day*Allocation	Day1 Anakinra - Day7 Anakinra	1	Anakinra	7	Anakinra	0	0.8897737485471082	0.058110751052963934	1067.9291676829846	15.311689014931865	5.4124946485157956e-48	3.0219761787546523e-47	Anakinra
CSF-1	Day*Allocation	Day1 Placebo - Day4 Placebo	1	Placebo	4	Placebo	0	0.6134076387420562	0.08513134885603199	1068.7317235803473	7.2054260502721155	1.091168232793861e-12	8.12314128857652e-12	Placebo
CSF-1	Day*Allocation	Day1 Placebo - Day7 Placebo	1	Placebo	7	Placebo	0	0.6315364495674046	0.08609887932471352	1078.6224846603748	7.335013585782302	4.347948896207312e-13	1.618403200254944e-12	Placebo
