Assay	Day	Allocation	srf14	emmean	SE	df	lower.CL	upper.CL
IL8	1	Anakinra	No	-0.24996826389209795	0.06053147889929522	1190.2158855758437	-0.36872855109455605	-0.13120797668963985
IL8	4	Anakinra	No	-0.014931483895760433	0.06078049834337452	1196.5987813682307	-0.13417968957055665	0.10431672177903578
IL8	7	Anakinra	No	0.18273569478551496	0.06123099780655159	1212.8098918671044	0.06260525817124708	0.30286613139978286
IL8	1	Placebo	No	-0.22393449715788957	0.09331932745944355	1268.4613474225098	-0.4070117072826473	-0.04085728703313185
IL8	4	Placebo	No	-0.09960464726992332	0.0918177137467384	1239.1088074866489	-0.2797400130893243	0.0805307185494776
IL8	7	Placebo	No	0.15888604107008442	0.09407618576121615	1284.04293714428	-0.025673861878746318	0.34344594401891515
IL8	1	Anakinra	Yes	-0.16253430125665347	0.12007112271084287	1226.4005557621167	-0.39810186078643406	0.07303325827312715
IL8	4	Anakinra	Yes	0.23154092285201455	0.12333323124431507	1267.2369030374225	-0.010418865581933445	0.47350071128596255
IL8	7	Anakinra	Yes	0.33038904967302046	0.12202890727818769	1249.4015558411725	0.09098486607071932	0.5697932332753216
IL8	1	Placebo	Yes	0.10877941009071848	0.13720041148924958	1233.8846853816435	-0.1603924916491882	0.37795131183062514
IL8	4	Placebo	Yes	0.4835756095589686	0.1434218987129919	1305.6951710207027	0.20221303771681193	0.76493818140112535
IL8	7	Placebo	Yes	0.4290828730338376	0.14332560481178286	1305.0939746521756	0.1479090887078942	0.7102566573597809
VEGFA	1	Anakinra	No	0.08821289211180097	0.06238058254280813	860.6569324401652	-0.03422298363568692	0.21064876785928888
VEGFA	4	Anakinra	No	-0.04716866482070544	0.06254442578185278	866.7658534277934	-0.16992490127117338	0.07558757162976248
VEGFA	7	Anakinra	No	0.03617930230681388	0.06280846783689037	878.2758728529076	-0.08709291174718173	0.15945151636080948
VEGFA	1	Placebo	No	-0.0010774961851311785	0.09477455472428133	913.2094362800499	-0.18707872984812973	0.1849237374778674
VEGFA	4	Placebo	No	-0.067274616036789	0.09384360376487692	887.7100776807973	-0.25145581893025937	0.1169065868566814
VEGFA	7	Placebo	No	0.035690096519960586	0.09523229753115056	926.1628648658065	-0.1512060182396076	0.22258621127952877
VEGFA	1	Anakinra	Yes	0.07935115938987336	0.12285402666863386	887.204619660738	-0.16176724510845067	0.32046956388819736
VEGFA	4	Anakinra	Yes	0.057896737769890634	0.1250016373162319	928.2172996778004	-0.18742184949789095	0.30321532503767223
VEGFA	7	Anakinra	Yes	0.10207353942709343	0.12417181483341538	911.5003028848657	-0.14162233743536287	0.3457694162895497
VEGFA	1	Placebo	Yes	0.20065183343636783	0.14026315170286732	889.1773758475745	-0.07463360706524536	0.475937273937981
VEGFA	4	Placebo	Yes	0.4760804103814485	0.1442551735815094	958.6944269508866	0.19298806545926783	0.7591727553036292
VEGFA	7	Placebo	Yes	0.3680498088404859	0.14418694371313065	957.6481371585508	0.0850909702639891	0.6510086474169827
CD8A	1	Anakinra	No	0.32971576410268677	0.06102227646409968	988.223202755152	0.2099676369187784	0.44946389128659514
CD8A	4	Anakinra	No	0.06970347454603636	0.061225168996091886	995.2684527920131	-0.05044175944422803	0.18984870853630076
CD8A	7	Anakinra	No	0.07877628920111183	0.0615680841576387	1010.1279892491671	-0.04203970057720445	0.1995922789794281
CD8A	1	Placebo	No	0.2789405723201266	0.09328847617320474	1056.8794222562901	0.0958888876328132	0.46199225700743995
CD8A	4	Placebo	No	0.0056827096344989475	0.09210710208403936	1026.0789073514165	-0.17505708985090523	0.1864225091199031
CD8A	7	Placebo	No	0.11943197370578086	0.09387490914279001	1072.7766738666994	-0.06476728679378764	0.3036312342053494
CD8A	1	Anakinra	Yes	0.22937995762978797	0.12055631768699186	1021.9458612973981	-0.007186259966017072	0.465946175225593
CD8A	4	Anakinra	Yes	-0.21145039472135624	0.12321150807627833	1068.3030593227318	-0.4532144211882456	0.030313631745533143
CD8A	7	Anakinra	Yes	-0.19993306969401314	0.12217030780361354	1048.8307572653032	-0.4396591145148926	0.03979297512686633
CD8A	1	Placebo	Yes	0.19903062692239595	0.13767598102786588	1025.3987714620885	-0.07112822221539597	0.4691894760601879
CD8A	4	Placebo	Yes	0.04400392417920479	0.142665215036832	1105.5360625902365	-0.23592122143233507	0.32392906979074465
CD8A	7	Placebo	Yes	-0.08712869403846164	0.1425829938810294	1104.507005644148	-0.36689279819532195	0.1926354101183987
MCP-3	1	Anakinra	No	0.17630551939673408	0.056736981989422106	988.2065227059372	0.06496671216751596	0.2876443266259522
MCP-3	4	Anakinra	No	-0.3081865681699242	0.05692562187760828	995.2517213303943	-0.41989458650066214	-0.19647854983918622
MCP-3	7	Anakinra	No	-0.5705170095335561	0.05724444630271998	1010.1109320869724	-0.6828486611367942	-0.458185357930318
MCP-3	1	Placebo	No	0.17028711585937742	0.0867372196840579	1056.8610881853936	9.037607592948804e-5	0.34048385564282535
MCP-3	4	Placebo	No	-0.2536140772511756	0.08563883723421621	1026.0609601051906	-0.42166134222190427	-0.08556681228044688
MCP-3	7	Placebo	No	-0.40278692552559864	0.08728245501009521	1072.7581085219838	-0.5740506223804929	-0.23152322867070435
MCP-3	1	Anakinra	Yes	0.5109856305570428	0.11209019818285978	1021.9285037725544	0.29103237338665366	0.730938887727432
MCP-3	4	Anakinra	Yes	0.3587930809511194	0.114558868967324	1068.285491454537	0.13400714676321496	0.5835790151390239
MCP-3	7	Anakinra	Yes	0.32907430618317424	0.1135908117960492	1048.8133482111066	0.10618318761593101	0.5519654247504174
MCP-3	1	Placebo	Yes	0.7658333287900443	0.12800762099297647	1025.3811685816352	0.5146465058474049	1.0170201517326838
MCP-3	4	Placebo	Yes	0.6913034463832979	0.1326463692455777	1105.5179210032798	0.43103639471181143	0.9515704980547843
MCP-3	7	Placebo	Yes	0.44845149547035773	0.13256992362378206	1104.4888458883574	0.1883341730591998	0.7085688178815157
CDCP1	1	Anakinra	No	0.39282415608813626	0.05998005125953222	855.9274820742347	0.2750989450094469	0.5105493671668255
CDCP1	4	Anakinra	No	-0.0686451583172511	0.060135793442711756	861.9804047313975	-0.18667487708748287	0.04938456045298069
CDCP1	7	Anakinra	No	-0.019682247221013915	0.060386311079795696	873.3362428684654	-0.13820149506578847	0.09883700062376063
CDCP1	1	Placebo	No	0.21907894635502267	0.09110465312441013	907.7618250968727	0.040278709519622424	0.3978791831904229
CDCP1	4	Placebo	No	-0.19839818767105266	0.09022057851259982	882.5457954929611	-0.37547011119519036	-0.021326264146914936
CDCP1	7	Placebo	No	-0.017623416986927598	0.09153919101147673	920.5630763922225	-0.19727313425142126	0.16202630027756607
CDCP1	1	Anakinra	Yes	0.500861574976898	0.1181112274774182	882.1376728697397	0.2690497658340697	0.7326733841197263
CDCP1	4	Anakinra	Yes	-0.1369783193182072	0.12015284544624921	922.8015607782154	-0.37278284787816673	0.09882620924175237
CDCP1	7	Anakinra	Yes	0.2034870853374539	0.11936444552151446	906.2469825456127	-0.030775798343178534	0.4377499690180864
CDCP1	1	Placebo	Yes	0.4121990513053424	0.13484702346962038	884.0690857543188	0.14754141197373338	0.6768566906369514
CDCP1	4	Placebo	Yes	0.04758568155217129	0.13864040618589457	952.9368026268158	-0.2244900885459163	0.3196614516502589
CDCP1	7	Placebo	Yes	0.23462652923720617	0.13857548478024964	951.8951052004609	-0.037322213888450584	0.5065752723628629
CD244	1	Anakinra	No	0.2698678582715923	0.057701420192220194	959.5237570454899	0.15663231811335152	0.3831033984298331
CD244	4	Anakinra	No	0.18243249029216715	0.05788515668377191	966.4534813341382	0.06883740709372599	0.2960275734906083
CD244	7	Anakinra	No	0.4712785097106986	0.05819251731757339	980.7063325503807	0.3570823363721564	0.5854746830492408
CD244	1	Placebo	No	0.20206661742801282	0.08809551216682644	1025.1481907316331	0.02919848982731088	0.37493474502871477
CD244	4	Placebo	No	0.11652309881344876	0.0870313316172908	995.1344739279558	-0.05426289634417335	0.28730909397107085
CD244	7	Placebo	No	0.3461152996671956	0.08862264887162903	1040.5863159426701	0.1722158314357919	0.5200147678985994
CD244	1	Anakinra	Yes	-0.0020780064015884225	0.11392072262196327	991.975025083362	-0.22563128405062172	0.22147527124744487
CD244	4	Anakinra	Yes	-0.37806043271136014	0.11632572349911649	1037.788600105399	-0.6063208742458558	-0.14979999117686452
CD244	7	Anakinra	Yes	-0.2200735924767673	0.11538557701081269	1018.6661624108913	-0.44649419198043605	0.006347007026901441
CD244	1	Placebo	Yes	-0.04981542181764184	0.1300899431496473	995.0271470581079	-0.3050975473021045	0.20546670366682082
CD244	4	Placebo	Yes	-0.3109556620169074	0.13459855099408602	1073.9154789785455	-0.5750616312109459	-0.04684969282286888
CD244	7	Placebo	Yes	-0.4467197233555304	0.13452363010300258	1072.8607534606608	-0.7106789774051949	-0.18276046930586587
IL7	1	Anakinra	No	-0.018556179997199586	0.061546999353499526	1061.056806390141	-0.13932384100286374	0.10221148100846456
IL7	4	Anakinra	No	-0.07592348073208496	0.06177142654174663	1068.1550956178403	-0.1971305934513357	0.045283631987165784
IL7	7	Anakinra	No	-0.015574099433693414	0.06216044221367571	1084.1208120861177	-0.13754249620614128	0.10639429733875447
IL7	1	Placebo	No	-0.056281052858438235	0.0943905361861123	1135.6664198878786	-0.2414804815293644	0.12891837581248794
IL7	4	Placebo	No	0.004538977479028261	0.09306664175141292	1103.9695450565193	-0.17806849100762062	0.18714644596567714
IL7	7	Placebo	No	0.02205648885970753	0.09505127527039424	1152.171805839372	-0.1644364960177252	0.20854947373714028
IL7	1	Anakinra	Yes	-0.10000314846504421	0.12178327408138304	1097.0263337149768	-0.33895761641653865	0.1389513194864502
IL7	4	Anakinra	Yes	0.02305775871724499	0.12471986035026049	1143.1829804525091	-0.22164775718273366	0.26776327461722366
IL7	7	Anakinra	Yes	-0.0546707921689463	0.12355964309406782	1123.4988688024625	-0.2971044156456004	0.1877628313077078
IL7	1	Placebo	Yes	-0.12951691155875072	0.1391015286152437	1101.6921450528944	-0.4024507485936642	0.14341692547616275
IL7	4	Placebo	Yes	0.2704004535657135	0.14465081537683605	1182.163523500113	-0.013400500966515516	0.5542014080979425
IL7	7	Placebo	Yes	0.10416535350032416	0.14456131858558224	1181.245920134517	-0.17946023657064555	0.38779094357129384
OPG	1	Anakinra	No	0.33983982145949543	0.05293745829611949	1037.4443631426866	0.2359631214279902	0.44371652149100066
OPG	4	Anakinra	No	-0.08390631239658156	0.05312524674779791	1044.56268054712	-0.18815067120034634	0.020338046407183216
OPG	7	Anakinra	No	-0.365599055155453	0.05344813716260454	1060.2408224733272	-0.4704752026702273	-0.2607229076406787
OPG	1	Placebo	No	0.22312875997103662	0.08110481348151127	1110.4092697360509	0.0639927889622339	0.3822647309798394
OPG	4	Placebo	No	-0.14635195043359772	0.08000165149790578	1078.8284256329723	-0.3033284185048474	0.010624517637651931
OPG	7	Placebo	No	-0.15317389610774976	0.08165442200325009	1126.8060972005974	-0.31338571158965	0.00703791937415052
OPG	1	Anakinra	Yes	0.637653963122849	0.10469602814607964	1072.844354530181	0.4322217580349945	0.8430861682107036
OPG	4	Anakinra	Yes	0.3597221381109575	0.10715317009490624	1119.305464515959	0.1494784404113002	0.5699658358106148
OPG	7	Anakinra	Yes	0.2563189037598981	0.1061846717752742	1099.585918511747	0.04797143810480678	0.4646663694149894
OPG	1	Placebo	Yes	0.6707267312595062	0.11957724113356281	1077.0857517326267	0.4360959863487945	0.9053574761702179
OPG	4	Placebo	Yes	0.5766867708294009	0.12421219013604927	1157.8843168630904	0.3329806043161031	0.8203929373426987
OPG	7	Placebo	Yes	0.17597665370028276	0.12413690728654353	1156.9239662696928	-0.06758201829382735	0.4195353256943929
LAP TGF-beta-1	1	Anakinra	No	0.011193935327372838	0.06158855772150771	1089.6159809471592	-0.1096516545120405	0.13203952516678616
LAP TGF-beta-1	4	Anakinra	No	-0.058141844483043104	0.06182014245205212	1096.6432538094314	-0.17944097245583945	0.06315728348975325
LAP TGF-beta-1	7	Anakinra	No	0.25407168622008297	0.06222545082869965	1112.8610096433147	0.1319792565662633	0.37616411587390264
LAP TGF-beta-1	1	Placebo	No	-0.11576999811084146	0.09456713393774845	1165.8295840562205	-0.3013107998310991	0.0697708036094162
LAP TGF-beta-1	4	Placebo	No	-0.002043948702617789	0.09319421674811348	1134.2176870790456	-0.18489638194815058	0.180808484542915
LAP TGF-beta-1	7	Placebo	No	0.13968126253271101	0.09525380442747526	1182.3516580934743	-0.04720407330494275	0.3265665983703648
LAP TGF-beta-1	1	Anakinra	Yes	-0.18321493585988527	0.12193589454428415	1126.0627874777474	-0.42246205100782375	0.056032179288053235
LAP TGF-beta-1	4	Anakinra	Yes	-0.13533984618042152	0.12496642238280205	1171.5595199813015	-0.3805228329192595	0.1098431405584164
LAP TGF-beta-1	7	Anakinra	Yes	0.1263985179048312	0.12376575163565373	1152.0477110812208	-0.11643301693732264	0.36923005274698506
LAP TGF-beta-1	1	Placebo	Yes	-0.15028246170495219	0.1392865389090378	1131.2816108473178	-0.4235714495629522	0.1230065261530478
LAP TGF-beta-1	4	Placebo	Yes	0.18711124245344932	0.1450255263655011	1210.8176223858397	-0.09741798395841308	0.47164046886531175
LAP TGF-beta-1	7	Placebo	Yes	-0.0804914130593968	0.14493377411138944	1209.9590800924166	-0.36484083030026426	0.20385800418147068
uPA	1	Anakinra	No	0.3594851505253131	0.059666398678378335	1059.8605900436546	0.24240745750706708	0.47656284354355916
uPA	4	Anakinra	No	-0.14420327849537004	0.059883675593514644	1066.960741115371	-0.2617064193622625	-0.02670013762847756
uPA	7	Anakinra	No	-0.13289842122252457	0.06026014413243907	1082.9135882915298	-0.2511382867206725	-0.01465855572437666
uPA	1	Placebo	No	0.34102793790548547	0.09150175279412108	1134.393713309216	0.16149624640077587	0.5205596294101951
uPA	4	Placebo	No	-0.18279953857892314	0.09022030634707293	1102.6986662638062	-0.3598223931453127	-0.005776684012533589
uPA	7	Placebo	No	-0.027172222716520197	0.09214124962388455	1150.8956588754781	-0.20795587512195557	0.15361142968891517
uPA	1	Anakinra	Yes	0.6241959525062977	0.11805921875054232	1095.8050313400695	0.3925482755727002	0.8558436294398951
uPA	4	Anakinra	Yes	0.15077842023449348	0.12090223914528868	1141.9824332815188	-0.08643702953152993	0.3879938700005169
uPA	7	Anakinra	Yes	0.1640650749422653	0.11977912193640239	1122.2941746520842	-0.07095114423960863	0.39908129412413923
uPA	1	Placebo	Yes	0.6567319251244798	0.13484747371690933	1100.448622716011	0.392144723797827	0.9213191264511325
uPA	4	Placebo	Yes	0.13662833421173487	0.1402194644089589	1180.9463914567757	-0.1384787211709237	0.41173538959439343
uPA	7	Placebo	Yes	0.09412946441384375	0.1401327956284305	1180.0264841250753	-0.18080776889378164	0.3690666977214691
IL6	1	Anakinra	No	0.30750753488525906	0.05423537696729171	1042.8718803902866	0.20108463662554787	0.41393043314497024
IL6	4	Anakinra	No	-0.2408550271983526	0.05442902736628823	1049.9887229716164	-0.34765707316146444	-0.13405298123524076
IL6	7	Anakinra	No	-0.6831788437088298	0.05476261842476944	1065.7391694616883	-0.7906336380147385	-0.575724049402921
IL6	1	Placebo	No	0.40015218826552734	0.08311275535464305	1116.2397659620249	0.23707735859662543	0.5632270179344292
IL6	4	Placebo	No	-0.14086418257666725	0.08197406313490975	1084.6173570326437	-0.3017098842100797	0.01998151905674525
IL6	7	Placebo	No	-0.3139375970052682	0.08368029410934591	1132.669116171066	-0.478123404596666	-0.14975178941387032
IL6	1	Anakinra	Yes	0.7946297543565881	0.1072752211694915	1078.4165628686612	0.5841379427660269	1.0051215659471493
IL6	4	Anakinra	Yes	0.45946701594467326	0.10980905947818553	1124.8274823602892	0.24401338074163348	0.674920651147713
IL6	7	Anakinra	Yes	0.4164611263438671	0.10880978193994491	1105.107379104191	0.20296404511848015	0.629958207569254
IL6	1	Placebo	Yes	0.837151712005841	0.12252468177792476	1082.7528633059803	0.5967390062547308	1.0775644177569514
IL6	4	Placebo	Yes	0.7109869417021839	0.12730629239822064	1163.5125591922979	0.46121136475475777	0.96076251864961
IL6	7	Placebo	Yes	0.5073649893006524	0.1272287532661067	1162.5615126147873	0.25774133187094633	0.7569886467303586
MCP-1	1	Anakinra	No	-0.0070937085180935305	0.059237008580906754	1145.3453587059676	-0.12331893278676079	0.10913151575057373
MCP-1	4	Anakinra	No	-0.09380730518613091	0.059471860433218796	1152.0899544641888	-0.21049259494652547	0.022877984574263655
MCP-1	7	Anakinra	No	-0.08111887832954051	0.059890550245054096	1168.4823439875843	-0.1986239144647972	0.036386157805716204
MCP-1	1	Placebo	No	0.050576929544810974	0.09116233456242154	1223.4088426158264	-0.12827490482186985	0.22942876391149178
MCP-1	4	Placebo	No	-0.10874701176658577	0.08975675096496791	1192.6733267393356	-0.28484571874777254	0.06735169521460102
MCP-1	7	Placebo	No	0.1420706696334125	0.09186832145876955	1239.6014508738958	-0.0381639124269664	0.32230525169379143
MCP-1	1	Anakinra	Yes	0.25017953841310486	0.11740654227508843	1182.031176913869	0.019831078207961567	0.48052799861824813
MCP-1	4	Anakinra	Yes	0.334859491968874	0.12048117190854157	1225.3733770815488	0.098487261100042	0.571231722837706
MCP-1	7	Anakinra	Yes	0.5710060701610056	0.11925668060397869	1206.59105414041	0.3370325700590625	0.8049795702629486
MCP-1	1	Placebo	Yes	0.6223064887552933	0.13413503919029804	1188.4485075341277	0.35913862663737406	0.8854743508732125
MCP-1	4	Placebo	Yes	0.9641546052442165	0.13998089067962888	1264.5267171237501	0.6895342474599848	1.2387749630284481
MCP-1	7	Placebo	Yes	0.5747814789607322	0.13988905871043403	1263.8028338853746	0.3003411303684672	0.8492218275529971
CXCL11	1	Anakinra	No	0.5146488871957154	0.05833999970180526	998.3888551111585	0.4001658019333057	0.6291319724581252
CXCL11	4	Anakinra	No	-0.15778010352551347	0.05853676346889086	1005.462056751206	-0.27264832598443856	-0.042911881066588414
CXCL11	7	Anakinra	No	-0.312259102295894	0.05887051780344772	1020.5141365601573	-0.4277802061189746	-0.1967379984728134
CXCL11	1	Placebo	No	0.5245305442099569	0.08922872250753147	1068.0292087141784	0.3494470488414343	0.6996140395784796
CXCL11	4	Placebo	No	-0.15119723858015333	0.08808090947366477	1037.0082876695642	-0.32403437508538424	0.02163989792507759
CXCL11	7	Placebo	No	-0.3362287373411137	0.08979892459675548	1084.0596508638132	-0.5124281201888291	-0.1600293544933983
CXCL11	1	Anakinra	Yes	0.5505408910839862	0.11528333101279184	1032.510877765751	0.32432453668980193	0.7767572454781704
CXCL11	4	Anakinra	Yes	-0.06537910588487951	0.11785817975087752	1078.973803326329	-0.29663630676100844	0.16587809499124945
CXCL11	7	Anakinra	Yes	-0.10095319947139629	0.11684738975086273	1059.4142612810815	-0.33023181724282813	0.12832541830003558
CXCL11	1	Placebo	Yes	0.7839461630538311	0.131657221666446	1036.1160473464263	0.5256009640081949	1.0422913620994674
CXCL11	4	Placebo	Yes	0.15245157981661903	0.136499413673753	1116.5415605800522	-0.11537267903450091	0.420275838667739
CXCL11	7	Placebo	Yes	-0.06433713057955157	0.13641985220213715	1115.5242507217072	-0.3320055474815069	0.20333128632240374
AXIN1	1	Anakinra	No	-0.1720807835555738	0.060984912489197615	1158.8853948328779	-0.29173398174496656	-0.052427585366181
AXIN1	4	Anakinra	No	0.023301400298553775	0.06122952463087218	1165.533210874841	-0.09683101376596988	0.14343381436307742
AXIN1	7	Anakinra	No	0.31894351855706077	0.06166755423170468	1181.9019987965307	0.19795343165066148	0.43993360546346005
AXIN1	1	Placebo	No	-0.17350029267895375	0.09390275019896184	1237.130670898267	-0.35772653849557734	0.010725953137669858
AXIN1	4	Placebo	No	-0.02190719563534944	0.09243541227105434	1206.7492892955902	-0.20325916673973657	0.1594447754690377
AXIN1	7	Placebo	No	0.2464375607197894	0.09464052424529089	1253.1711908512411	0.06076621561932982	0.43210890582024897
AXIN1	1	Anakinra	Yes	-0.32703827449511047	0.12090138054223204	1195.486575834472	-0.5642407763949702	-0.08983577259525072
AXIN1	4	Anakinra	Yes	-0.21251450422620596	0.12410430075446824	1238.1419342707313	-0.4559924756618947	0.030963467209482787
AXIN1	7	Anakinra	Yes	0.12324812753245207	0.12282716262983602	1219.612527432404	-0.11772783219375885	0.36422408725866295
AXIN1	1	Placebo	Yes	-0.38521611486331514	0.13813396875426776	1202.2171331603445	-0.6562265610463975	-0.11420566868023269
AXIN1	4	Placebo	Yes	-0.08546215650813975	0.14422949435292562	1277.142472608629	-0.368414924629038	0.1974906116127585
AXIN1	7	Placebo	Yes	0.05244642813860703	0.1441341610560363	1276.4544926113895	-0.23031945747664598	0.33521231375386007
TRAIL	1	Anakinra	No	-0.07720778278618104	0.05922870729589057	1086.7653158304875	-0.19342334637674802	0.03900778080438594
TRAIL	4	Anakinra	No	0.23821136010907126	0.05945076299811517	1093.8019553193228	0.12156092677134621	0.3548617934467963
TRAIL	7	Anakinra	No	0.41434210954982476	0.05983902282227831	1109.9993744981932	0.29693175584465137	0.5317524632549981
TRAIL	1	Placebo	No	0.11486821033569442	0.0909329312331204	1162.8382296190578	-0.06354275937931766	0.2932791800507065
TRAIL	4	Placebo	No	0.1736102253398665	0.08961715373635236	1131.206753271774	-0.002224303732059646	0.3494447544117927
TRAIL	7	Placebo	No	0.45746424014084425	0.09159088231220597	1179.3642874330503	0.27776498998822086	0.6371634902934676
TRAIL	1	Anakinra	Yes	-0.2702911427143803	0.11725709089444193	1123.175071752829	-0.5003587404348491	-0.04022354499391159
TRAIL	4	Anakinra	Yes	-0.2653088654675644	0.12016288275359172	1168.7516474979764	-0.5010679367876243	-0.029549794147504527
TRAIL	7	Anakinra	Yes	-0.1349432215091489	0.11901194693744888	1149.2163756636285	-0.3684482763294562	0.09856183331115842
TRAIL	1	Placebo	Yes	-0.22716779599519632	0.13394091558487267	1128.336771073408	-0.4899690678056803	0.03563347581528764
TRAIL	4	Placebo	Yes	-0.20078368101085858	0.13944253316412986	1207.9922149707568	-0.4743601329473995	0.07279277092568232
TRAIL	7	Placebo	Yes	-0.11637181781841195	0.1393544985571527	1207.1274424646608	-0.38977574848011054	0.15703211284328666
CXCL9	1	Anakinra	No	-0.009534691954462132	0.05959872377716447	996.2835062555897	-0.12648812546298308	0.10741874155405881
CXCL9	4	Anakinra	No	-0.12412855481259179	0.059799147605996236	1003.3514726524886	-0.24147428418160372	-0.006782825443579846
CXCL9	7	Anakinra	No	-0.03420433546696415	0.06013885788727657	1018.3646567012676	-0.1522145877419344	0.08380591680800609
CXCL9	1	Placebo	No	0.06871436080299692	0.0911452910900567	1065.7239793292538	-0.11013024061437332	0.24755896222036716
CXCL9	4	Placebo	No	-0.18216464822625011	0.08997657461060364	1034.7461866936567	-0.3587220126616265	-0.0056072837908736906
CXCL9	7	Placebo	No	-0.02511666713739613	0.09172578698874799	1081.7281112299688	-0.2050972856955338	0.15486395142074152
CXCL9	1	Anakinra	Yes	0.47973080204403495	0.11776514052022717	1030.3250436236299	0.24864390632947944	0.7108176977585905
CXCL9	4	Anakinra	Yes	0.2188016239411218	0.1203879112659528	1076.7697425506767	-0.0174198706887701	0.4550231185710137
CXCL9	7	Anakinra	Yes	0.6206277199168243	0.11935853886013735	1057.2267057752067	0.38642115670509136	0.8548342831285572
CXCL9	1	Placebo	Yes	0.43506936387819606	0.13449088312587873	1033.898231350184	0.1711631330179958	0.6989755947383963
CXCL9	4	Placebo	Yes	0.4191029853646028	0.1394223708155404	1114.2706110942067	0.14554301386003166	0.6926629568691739
CXCL9	7	Placebo	Yes	0.3503413350842239	0.1393412922313316	1113.2507588401454	0.07694017513559898	0.6237424950328487
CST5	1	Anakinra	No	-0.09887751096169989	0.06122264766667304	813.1937643174052	-0.21905055742157908	0.021295535498179294
CST5	4	Anakinra	No	-0.0016082106350771772	0.06136408309106051	818.6701394789253	-0.12205767765692721	0.11884125638677287
CST5	7	Anakinra	No	0.21681019740646912	0.06158768041560376	828.5495050801303	0.09592397291855195	0.3376964218943863
CST5	1	Placebo	No	-0.22170246793203474	0.09277490652312065	858.1996083306079	-0.4037947515757858	-0.03961018428828364
CST5	4	Placebo	No	-0.08729160463586048	0.09197911139560506	835.806778364721	-0.26782878674007465	0.09324557746835367
CST5	7	Placebo	No	0.2432546146212009	0.09316477350443747	869.4983655228298	0.060400482277311124	0.4261087469650907
CST5	1	Anakinra	Yes	-0.38183549954204377	0.1204131806135601	836.1467693076248	-0.6181831133389137	-0.14548788574517382
CST5	4	Anakinra	Yes	-0.5138624763004058	0.12226907500352009	873.1446542097433	-0.7538381091495994	-0.2738868434512123
CST5	7	Anakinra	Yes	-0.22096338165136867	0.12155634680680569	858.2544301558155	-0.45954589942697166	0.017619136124234352
CST5	1	Placebo	Yes	-0.35421392136726376	0.1374636268689422	837.7385849667756	-0.6240274961036547	-0.08440034663087281
CST5	4	Placebo	Yes	-0.2640812510334187	0.14089836014630286	899.8974062823459	-0.5406088842354622	0.012446382168624814
CST5	7	Placebo	Yes	-0.13873149813878188	0.14083886438377688	898.9162736513473	-0.41514277104571284	0.13767977476814908
OSM	1	Anakinra	No	-0.25353245481650893	0.06120315873068197	1029.4700038954754	-0.3736296390232366	-0.13343527060978128
OSM	4	Anakinra	No	-0.2169400057263691	0.06141815478006233	1036.5870796470947	-0.3374580964824891	-0.09642191497024911
OSM	7	Anakinra	No	-0.10039285420893922	0.06178681179028223	1052.1523766816688	-0.22163224744824833	0.0208465390303699
OSM	1	Placebo	No	-0.22616414481083344	0.09373621236536599	1101.8162754489435	-0.4100857824430691	-0.04224250717859779
OSM	4	Placebo	No	-0.021805253078921148	0.09247500921210412	1070.3125925800337	-0.20325813287812727	0.15964762672028499
OSM	7	Placebo	No	0.06592504802940896	0.09436418732511344	1118.1571461811368	-0.11922577589206837	0.2510758719508863
OSM	1	Anakinra	Yes	-0.20507126673262446	0.12102286862797806	1064.6426651235163	-0.4425416992423707	0.03239916577712176
OSM	4	Anakinra	Yes	-0.011323179516466449	0.12383603564061886	1111.1557437008253	-0.2543020174632927	0.23165565843035976
OSM	7	Anakinra	Yes	0.11439988131410853	0.12272810898059551	1091.4465286556192	-0.12640983412225895	0.35520959675047603
OSM	1	Placebo	Yes	-0.1820205657457019	0.13822204232484242	1068.7475031436536	-0.45323794031416076	0.08919680882275693
OSM	4	Placebo	Yes	0.21283440636443315	0.1435253079411555	1149.5634143901282	-0.0687665177001032	0.4944353304289695
OSM	7	Placebo	Yes	0.34892423158224	0.14343896526600083	1148.5899839601707	0.06749246303087741	0.6303560001336026
CXCL1	1	Anakinra	No	0.2375436525020183	0.06133167469729761	1034.0073390081045	0.1171949067444751	0.35789239825956154
CXCL1	4	Anakinra	No	-0.08505642756095905	0.06154833168691234	1041.1256194623863	-0.20582934318759127	0.035716488065673194
CXCL1	7	Anakinra	No	0.009509493418160792	0.06192041904553952	1056.756084633868	-0.11199145722965216	0.13101044406597373
CXCL1	1	Placebo	No	0.24136556617659294	0.09395152990857618	1106.7094659200607	0.057022346123114576	0.4257087862300713
CXCL1	4	Placebo	No	-0.0359384342776331	0.09267955651947002	1075.159532481578	-0.21779174519886235	0.14591487664359615
CXCL1	7	Placebo	No	0.21291846958070865	0.0945850807078062	1123.0833669993517	0.02733511552120757	0.3985018236402097
CXCL1	1	Anakinra	Yes	0.11328305961363913	0.12128870113330599	1069.3114930619586	-0.12470780538991513	0.3512739246171934
CXCL1	4	Anakinra	Yes	-0.07768339897621859	0.12412358519101745	1115.7981931790766	-0.32122533332298686	0.1658585353705497
CXCL1	7	Anakinra	Yes	-0.010961674352537545	0.1230065879483024	1096.081708276207	-0.25231667139798797	0.23039332269291285
CXCL1	1	Placebo	Yes	0.4057727426707449	0.13852718348527437	1073.4936121165551	0.1339579868205929	0.677587498520897
CXCL1	4	Placebo	Yes	0.3668661352126799	0.14387326063152173	1154.3054725459028	0.08458373985350409	0.6491485305718557
CXCL1	7	Placebo	Yes	0.32429952314577276	0.14378633832411697	1153.3393972930153	0.04218742316746116	0.6064116231240844
CCL4	1	Anakinra	No	-0.3911474619222243	0.05981573363503744	956.597427526395	-0.5085326675954731	-0.2737622562489755
CCL4	4	Anakinra	No	0.04360131253821018	0.06000531581127634	963.5123138054178	-0.0741548674987636	0.16135749257518395
CCL4	7	Anakinra	No	0.344202172538785	0.060322118950533694	977.6981992996492	0.2258264490224779	0.4625778960550921
CCL4	1	Placebo	No	-0.2863195623476685	0.0913110548721408	1021.8922168932116	-0.4654981623147881	-0.10714096238054888
CCL4	4	Placebo	No	0.007552636900260805	0.09021361650637807	991.9722757602659	-0.1694788044625209	0.18458407826304252
CCL4	7	Placebo	No	0.3453371851001449	0.09185454774671326	1037.2766981791997	0.16509526545923361	0.5255791047410562
CCL4	1	Anakinra	Yes	-0.3633106058144867	0.11808696120263396	988.907339189874	-0.5950404145391298	-0.13158079708984358
CCL4	4	Anakinra	Yes	0.14817869249811985	0.12056854321783259	1034.6447807596294	-0.08840807199822914	0.38476545699446885
CCL4	7	Anakinra	Yes	0.4544207760335852	0.11959877513672335	1015.5666878493544	0.21973178474110003	0.6891097673260704
CCL4	1	Placebo	Yes	-0.3923736345022959	0.13484667227760994	991.9209620397488	-0.6569911411421866	-0.1277561278624052
CCL4	4	Placebo	Yes	0.14639436476686638	0.1394977257299905	1070.6454537916247	-0.12732558796223734	0.42011431749597006
CCL4	7	Placebo	Yes	0.3169882456511489	0.13942037260198878	1069.5887606617082	0.04341976797782621	0.5905567233244716
CD6	1	Anakinra	No	0.01867211727997488	0.05939451284477503	972.9953771596792	-0.09788397646102505	0.13522821102097482
CD6	4	Anakinra	No	0.09066956036337237	0.059587624457636316	979.9860914454678	-0.02626445769721031	0.20760357842395505
CD6	7	Anakinra	No	0.3842156726456942	0.059912240441354556	994.5351536568326	0.2666467589656625	0.5017845863257259
CD6	1	Placebo	No	-0.0401263664767785	0.09073700202266609	1040.0888542841603	-0.21817481560034577	0.13792208264678876
CD6	4	Placebo	No	0.14749083026838933	0.08961572155629866	1009.6756812660822	-0.02836356029866624	0.3233452208354449
CD6	7	Placebo	No	0.44771789960458486	0.09129297751797744	1055.757693941217	0.2685815863432981	0.6268542128658716
CD6	1	Anakinra	Yes	-0.14733231563088695	0.11729995553621526	1006.0696125201324	-0.3775129197854871	0.08284828852371323
CD6	4	Anakinra	Yes	-0.08923173332741005	0.11982739755873888	1052.1839438216887	-0.3243595874854124	0.14589612083059225
CD6	7	Anakinra	Yes	-0.05817826511106593	0.1188379229655002	1032.8781231297019	-0.2913695707688077	0.17501304054667582
CD6	1	Placebo	Yes	-0.22099657852502547	0.13395269492850478	1009.3045761489975	-0.48385425033969504	0.0418610932896441
CD6	4	Placebo	Yes	-0.21984399978073027	0.13869605563324633	1088.8597422180028	-0.49198577767163354	0.052297778110173
CD6	7	Placebo	Yes	-0.42518578942440927	0.13861753992465725	1087.815649536801	-0.6971737986055906	-0.153197780243228
SCF	1	Anakinra	No	0.44612114315553697	0.059198735142948045	893.0857417936915	0.32993629719333184	0.5623059891177421
SCF	4	Anakinra	No	0.051325363200734136	0.059365867124928515	899.5371126405903	-0.06518636601484885	0.1678370924163171
SCF	7	Anakinra	No	0.07274102651017869	0.059638624760422955	912.0508814765701	-0.04430385448929272	0.1897859075096501
SCF	1	Placebo	No	0.45151955820165834	0.09009091346305007	950.3459352891323	0.2747194440473337	0.628319672355983
SCF	4	Placebo	No	0.04518088615612999	0.08913512552255953	923.0657325961035	-0.12975012171287204	0.22011189402513204
SCF	7	Placebo	No	0.15598543069625243	0.09056201992273705	964.2633854737911	-0.021735941670975062	0.3337068030634799
SCF	1	Anakinra	Yes	0.4098775005358735	0.116687116766761	921.8173693707577	0.18087427521432478	0.6388807258574223
SCF	4	Anakinra	Yes	-0.2557213485759481	0.11887656643862721	964.9224342300809	-0.4890077573068058	-0.0224349398450904
SCF	7	Anakinra	Yes	-0.22746394805485304	0.11802721127683145	947.2087820186041	-0.45908900051821644	0.004161104408510363
SCF	1	Placebo	Yes	0.22248395334159432	0.1332308518940116	924.0968481345323	-0.03898617890991096	0.4839540855930996
SCF	4	Placebo	Yes	-0.35727821327715653	0.13731235307289663	997.5679460318543	-0.6267324060408641	-0.0878240205134489
SCF	7	Placebo	Yes	-0.472467598894474	0.13724323064227287	996.5009685445086	-0.7417864998998873	-0.20314869788906065
IL18	1	Anakinra	No	0.35548819435778983	0.060514844357210655	710.896018982935	0.2366790014922801	0.47429738722329956
IL18	4	Anakinra	No	0.00808438837437929	0.060604741664211766	714.4677318607122	-0.11090028606669454	0.1270690628154531
IL18	7	Anakinra	No	-0.29521572077354324	0.0607405915462189	720.301961902688	-0.4144654689411643	-0.17596597260592217
IL18	1	Placebo	No	0.2930425030158827	0.09112774241123187	737.4447168476864	0.11414178933448146	0.4719432166972839
IL18	4	Placebo	No	-0.09046950284765645	0.09063334259003068	723.5773811262997	-0.26840522360050734	0.0874662179051944
IL18	7	Placebo	No	-0.2876457553839763	0.09136798293390389	744.3204647489401	-0.4670153820549866	-0.10827612871296599
IL18	1	Anakinra	Yes	0.4462132815326445	0.11863178479523667	724.7055890439948	0.21331028501795565	0.6791162780473333
IL18	4	Anakinra	Yes	0.18069970577054822	0.11981540643588492	749.0595681636185	-0.05451423440805292	0.41591364594914937
IL18	7	Anakinra	Yes	-0.07714669093053346	0.11936747274092789	739.5610027457028	-0.3114861472109391	0.15719276534987214
IL18	1	Placebo	Yes	0.31916864792380584	0.13540047867633323	725.6457917809831	0.05334521016252736	0.5849920856850843
IL18	4	Placebo	Yes	0.1896488706605902	0.13756887114651398	765.6562428109573	-0.0804080618621493	0.45970580318332965
IL18	7	Placebo	Yes	-0.34093064735021456	0.1375302055336337	764.9684646319834	-0.6109120609904195	-0.07094923371000955
SLAMF1	1	Anakinra	No	0.2674908235917378	0.06102681918370357	1069.850990223739	0.14774498534720054	0.3872366618362751
SLAMF1	4	Anakinra	No	0.10023019813819857	0.061251529301788774	1076.9328339340166	-0.019955667553520226	0.22041606382991735
SLAMF1	7	Anakinra	No	0.04248264135255468	0.06164219813004782	1092.98750585378	-0.07846778378265419	0.16343306648776357
SLAMF1	1	Placebo	No	0.08886178896539658	0.09362746068097434	1145.0001864889898	-0.09483884592925755	0.2725624238600507
SLAMF1	4	Placebo	No	-0.11452755987524868	0.09229985874509414	1113.30316508378	-0.2956288454098504	0.06657372565935304
SLAMF1	7	Placebo	No	0.21606551252448614	0.09429048488286904	1161.524103831064	0.031066783844380413	0.40106424120459183
SLAMF1	1	Anakinra	Yes	-0.06283953034425215	0.12077570417495101	1105.9924535071148	-0.29981489451231297	0.1741358338238087
SLAMF1	4	Anakinra	Yes	-0.2833086045799498	0.123716051184991	1151.9793395521876	-0.5260426410321642	-0.04057456812773527
SLAMF1	7	Anakinra	Yes	-0.10596070084844829	0.12255334126653632	1132.333342366276	-0.34641785872048086	0.13449645702358426
SLAMF1	1	Placebo	Yes	0.09293485751247692	0.13795385959904377	1110.823960508112	-0.17774466835748093	0.3636143833824348
SLAMF1	4	Placebo	Yes	0.11183422514520205	0.14351391912655315	1191.0695322694019	-0.16973401221814285	0.39340246250854694
SLAMF1	7	Placebo	Yes	0.12216340870887012	0.14342448756577825	1190.1692990704405	-0.15922958421951383	0.40355640163725404
TGF-alpha	1	Anakinra	No	-0.1848940354289358	0.06137310681428959	1061.9117557728766	-0.3053203733809144	-0.0644676974769572
TGF-alpha	4	Anakinra	No	-0.27172336957011334	0.06159711471538012	1069.00865918314	-0.39258834035165	-0.15085839878857663
TGF-alpha	7	Anakinra	No	-0.09943967268498527	0.06198551636528152	1084.9834610252085	-0.22106472982286418	0.022185384452893628
TGF-alpha	1	Placebo	No	-0.15086002427676432	0.09412725078656815	1136.5755854422478	-0.33554271488875687	0.03382266633522821
TGF-alpha	4	Placebo	No	0.03590262544653929	0.09280563189436669	1104.8776694793644	-0.14619254737685572	0.21799779826993432
TGF-alpha	7	Placebo	No	0.118215583920533	0.09478689620186889	1153.0832953795891	-0.06775852800623752	0.3041896958473035
TGF-alpha	1	Anakinra	Yes	-0.23473896182442922	0.12144132458244676	1097.8989638107741	-0.4730222716385145	0.003544347989656055
TGF-alpha	4	Anakinra	Yes	-0.09022475483005848	0.1243724292028396	1144.0404323160662	-0.33424840263212224	0.15379889297200527
TGF-alpha	7	Anakinra	Yes	0.11561677677050824	0.12321427974400899	1124.3594371900433	-0.12613901741942338	0.35737257096043984
TGF-alpha	1	Placebo	Yes	-0.3111904421300521	0.13871126028008574	1102.5807028388647	-0.5833582847828473	-0.03902259947725689
TGF-alpha	4	Placebo	Yes	0.0588508245597627	0.14425054469912515	1183.0325834252249	-0.22416459674547196	0.34186624586499736
TGF-alpha	7	Placebo	Yes	0.39086129867998437	0.14416123233586464	1182.1166354602274	0.108020881223439	0.6737017161365297
MCP-4	1	Anakinra	No	-0.18034870405559078	0.060307597059622256	817.5124072691692	-0.29872467885973564	-0.06197272925144595
MCP-4	4	Anakinra	No	0.1350850872812635	0.060448745963121206	823.0528486040157	0.016433239749302206	0.2537369348132248
MCP-4	7	Anakinra	No	0.41066576279773404	0.06067228937400578	833.0879404611342	0.29157724552788655	0.5297542800675815
MCP-4	1	Placebo	No	-0.2784354560791568	0.09141047738428358	863.2349559940227	-0.45784825290851916	-0.0990226592497945
MCP-4	4	Placebo	No	0.047082154648016496	0.09061557132549372	840.5357431903174	-0.13077721125133857	0.22494152054737154
MCP-4	7	Placebo	No	0.3620672753862345	0.09180003895751604	874.6956791594222	0.18189319440177917	0.5422413563706898
MCP-4	1	Anakinra	Yes	-0.5965982413518383	0.11862833738929428	840.8110425478283	-0.8294406832784358	-0.3637557994252408
MCP-4	4	Anakinra	Yes	-0.004851366552617531	0.12048026853155751	878.2219174944629	-0.24131423887449174	0.23161150576925668
MCP-4	7	Anakinra	Yes	0.3046232577647385	0.11976865450409549	863.1474402845317	0.06955138251690196	0.539695133012575
MCP-4	1	Placebo	Yes	-0.36489942312021273	0.13542720712006862	842.4346489357847	-0.6307137698207836	-0.09908507641964176
MCP-4	4	Placebo	Yes	0.30607777573018774	0.1388559975488258	905.3403191509789	0.03356069726081251	0.5785948541995629
MCP-4	7	Placebo	Yes	0.30268719878502537	0.1387966769750108	904.3514704211311	0.03028614342798225	0.5750882541420685
CCL11	1	Anakinra	No	-0.23955820621126384	0.0604904420773259	946.8297262353009	-0.3582690428444275	-0.12084736957810016
CCL11	4	Anakinra	No	0.12084031818972384	0.06067912805662126	953.6909609515277	0.0017602870014118838	0.2399203493780358
CCL11	7	Anakinra	No	0.30790390319985256	0.06099331335621603	967.6466599299785	0.18820949120039032	0.4275983151993148
CCL11	1	Placebo	No	-0.23483192616885712	0.09229860861501728	1010.9974213801493	-0.41595070554289804	-0.053713146794816174
CCL11	4	Placebo	No	0.13395913005656865	0.09120835715635098	981.4084917497574	-0.04502670241539991	0.3129449625285372
CCL11	7	Placebo	No	0.42662423162569363	0.09283815110847915	1026.193795246881	0.2444499343369437	0.6087985289144435
CCL11	1	Anakinra	Yes	-0.5135872434152485	0.11939144794708187	978.6524075229851	-0.7478799406639459	-0.27929454616655114
CCL11	4	Anakinra	Yes	-0.39295612605330504	0.12186152988873485	1024.1075153508878	-0.6320829474264144	-0.1538293046801957
CCL11	7	Anakinra	Yes	-0.1686986734136707	0.12089730940261383	1005.1891513130644	-0.405938704330421	0.0685413575030796
CCL11	1	Placebo	Yes	-0.46940620443665765	0.1363334909156576	981.5406255980714	-0.736944838724303	-0.20186757014901224
CCL11	4	Placebo	Yes	-0.23925014597816208	0.14095925194640774	1059.6688838654063	-0.5158411219102987	0.03734082995397464
CCL11	7	Placebo	Yes	-0.014138543606804941	0.14088210314947458	1058.6065299102104	-0.2905784549890854	0.2623013677754755
TNFSF14	1	Anakinra	No	-0.20630701224206124	0.06119790057258015	1025.6821732387339	-0.32639440051791185	-0.08621962396621065
TNFSF14	4	Anakinra	No	-0.1402239541750654	0.06141186209935505	1032.7972336432122	-0.2607302139976214	-0.019717694352509335
TNFSF14	7	Anakinra	No	0.19316542610322326	0.061778264643772826	1048.3061969563453	0.07194229204741305	0.3143885601590335
TNFSF14	1	Placebo	No	-0.2663106481469631	0.0937127033768532	1097.7236186402129	-0.4501869122237183	-0.0824343840702079
TNFSF14	4	Placebo	No	0.016153303061371492	0.09245841692603379	1066.2632864760942	-0.16526779961886431	0.1975744057416073
TNFSF14	7	Placebo	No	0.22857736167848125	0.0943370590558714	1114.0345090578974	0.043479023560585	0.4136756997963775
TNFSF14	1	Anakinra	Yes	-0.4070063913748601	0.12100267200652501	1060.740746450178	-0.6444381882052033	-0.16957459454451693
TNFSF14	4	Anakinra	Yes	-0.21749689859805474	0.12380232025341391	1107.2693560801315	-0.46041051324219595	0.025416716046086446
TNFSF14	7	Anakinra	Yes	0.10006605852625211	0.12270014628379125	1087.5690335421953	-0.14068974309394214	0.34082186014644633
TNFSF14	1	Placebo	Yes	-0.4207930475143612	0.13819771241810389	1064.7819178958875	-0.6919638272775788	-0.14962226775114368
TNFSF14	4	Placebo	Yes	-0.042169184635114806	0.14347394515071063	1145.5894000126614	-0.32367036259047827	0.23933199332024863
TNFSF14	7	Placebo	Yes	0.29083194512304333	0.1433879459812386	1144.6100083004071	0.009499246118795157	0.5721646441272915
MMP-1	1	Anakinra	No	-0.1315921460514961	0.06173862935080535	844.5232028390552	-0.2527713048367422	-0.010412987266249993
MMP-1	4	Anakinra	No	0.03283723152516439	0.06189439452100047	850.4347171598939	-0.08864644760506508	0.15432091065539388
MMP-1	7	Anakinra	No	0.2775065651698337	0.062143812186171356	861.4109723529059	0.15553555467348446	0.3994775756661829
MMP-1	1	Placebo	No	-0.3182698772015319	0.09371861557437988	894.594118410591	-0.5022038408859546	-0.13433591351710922
MMP-1	4	Placebo	No	-0.05667124893608032	0.09283646356811856	870.0855113249299	-0.23888083727651432	0.12553833940435366
MMP-1	7	Placebo	No	0.12002868952483833	0.09415183190254323	907.0166211479313	-0.06475208435243829	0.30480946340211496
MMP-1	1	Anakinra	Yes	-0.3151353752214959	0.12153615004876946	869.9003198114858	-0.5536737424181912	-0.07659700802480046
MMP-1	4	Anakinra	Yes	0.0011230260405868248	0.12357855928644751	909.6768472733488	-0.24140919168034547	0.2436552437615191
MMP-1	7	Anakinra	Yes	0.12638038011525088	0.12279099274964948	893.531789636125	-0.11461198026595615	0.3673727404964579
MMP-1	1	Placebo	Yes	-0.2603295562567981	0.1387541481908156	871.735316154261	-0.5326607998266375	0.012001687313041243
MMP-1	4	Placebo	Yes	0.1116960966460889	0.14254507086464552	938.9609570486231	-0.1680477032578652	0.39143989655004297
MMP-1	7	Placebo	Yes	0.16471940634473484	0.1424799825431107	937.9320333853425	-0.1148970540384315	0.44433586672790115
LIF-R	1	Anakinra	No	0.3409079601094286	0.05966744988756934	1001.2665797148146	0.2238203708224291	0.45799554939642806
LIF-R	4	Anakinra	No	-0.13060136142326403	0.059869487502998316	1008.3464704039146	-0.2480844181006516	-0.013118304745876469
LIF-R	7	Anakinra	No	-0.3289510989722587	0.060212534830427385	1023.4508804938305	-0.44710522853582646	-0.21079696940869097
LIF-R	1	Placebo	No	0.2587640077268889	0.09127074600976375	1071.176790683002	0.07967427613463368	0.4378537393191441
LIF-R	4	Placebo	No	-0.1887748780240988	0.09009155249567943	1040.0990513522108	-0.3655567934522723	-0.011992962595925305
LIF-R	7	Placebo	No	-0.21601304350894807	0.09185666183085402	1087.2421161289215	-0.39624943548937874	-0.03577665152851736
LIF-R	1	Anakinra	Yes	0.49005832344482925	0.1179139612478966	1035.4967244730924	0.25868076047676214	0.7214358864128964
LIF-R	4	Anakinra	Yes	-0.07322053537284212	0.12055778899819054	1081.981480204542	-0.30977407671362445	0.16333300596794018
LIF-R	7	Anakinra	Yes	-0.38701946001928544	0.11951960430285466	1062.4006938825949	-0.6215407584893359	-0.15249816154923498
LIF-R	1	Placebo	Yes	0.7156678025568711	0.13466236996541656	1039.1459891624668	0.4514266337046294	0.9799089714091129
LIF-R	4	Placebo	Yes	0.15078376818045905	0.1396354167999107	1119.6386063703073	-0.12319279150698284	0.42476032786790097
LIF-R	7	Placebo	Yes	-0.30906052824290586	0.13955377408405825	1118.624862809401	-0.5828771665120294	-0.035243889973782305
FGF-21	1	Anakinra	No	0.26029367249863633	0.05752386696887248	1172.8254952056564	0.14743249347730875	0.3731548515199639
FGF-21	4	Anakinra	No	0.3444993368048968	0.057757273538746705	1179.3624478543043	0.2311808655729547	0.4578178080368389
FGF-21	7	Anakinra	No	0.038792863259581756	0.05817714431317295	1195.6790436229148	-0.07534778485707205	0.15293351137623556
FGF-21	1	Placebo	No	0.2580336053373736	0.0886222435226366	1251.1442985593096	0.08416900492051693	0.4318982057542302
FGF-21	4	Placebo	No	0.2697621590743482	0.08721885094526874	1221.18472121107	0.09864675606909301	0.4408775620796034
FGF-21	7	Placebo	No	0.1907093642244449	0.08932863066122669	1266.9990132071673	0.015461053307175565	0.36595767514171423
FGF-21	1	Anakinra	Yes	0.2597707514773965	0.11406919111858418	1209.2797241485655	0.03597525271175259	0.48356625024304034
FGF-21	4	Anakinra	Yes	0.2049706734762413	0.1171259585584087	1251.1646297676068	-0.024814275012131654	0.43475562196461426
FGF-21	7	Anakinra	Yes	-0.015680228531778317	0.11590559043605536	1232.9254912156673	-0.2430742406424964	0.21171378357893977
FGF-21	1	Placebo	Yes	0.3224857603768389	0.1303341546668512	1216.3408588965103	0.06678106727808908	0.5781904534755887
FGF-21	4	Placebo	Yes	0.40202315986210513	0.13615712653904322	1289.956348672354	0.13490946715502034	0.6691368525691899
FGF-21	7	Placebo	Yes	0.10389405654969024	0.13606647362945623	1289.3063934780134	-0.16304191922935019	0.3708300323287307
CCL19	1	Anakinra	No	0.3185468206446405	0.06073517432551509	806.6637480364657	0.1993291900348046	0.43776445125447644
CCL19	4	Anakinra	No	0.01204080368779032	0.0608726635337793	812.0407612184958	-0.10744551687925541	0.13152712425483604
CCL19	7	Anakinra	No	-0.04104985894885193	0.061089432282663614	821.6820296563442	-0.1609595725063562	0.07885985460865233
CCL19	1	Placebo	No	0.46997237746515425	0.09200211305293717	850.5750993554498	0.2893945943081584	0.6505501606221501
CCL19	4	Placebo	No	0.055007518270193685	0.09122959103592512	828.6543011088384	-0.12406074192708563	0.234075778467473
CCL19	7	Placebo	No	0.11842772990566763	0.09238038663764131	861.6247886702073	-0.06288919896734821	0.2997446587786835
CCL19	1	Anakinra	Yes	0.48518500397772657	0.11943153994513489	829.0873762738264	0.2507612661567756	0.7196087417986776
CCL19	4	Anakinra	Yes	-0.12442869101941414	0.12123596099482856	865.4424581368162	-0.36237958640514767	0.11352220436631938
CCL19	7	Anakinra	Yes	-0.028731750426509294	0.12054360527587715	850.8376561574016	-0.26532944063748376	0.2078659397844652
CCL19	1	Placebo	Yes	0.6443545620038047	0.13634121918436531	830.6320731649234	0.3767407362017822	0.9119683878058271
CCL19	4	Placebo	Yes	0.4191585601272956	0.13967862906301806	891.6322663973347	0.1450213532653969	0.6932957669891943
CCL19	7	Placebo	Yes	0.1635293538895275	0.1396207126059122	890.6634981255278	-0.110494589634482	0.437553297413537
IL-10RB	1	Anakinra	No	0.1124539369922005	0.05996233419901095	879.88810694235	-0.00523196207908988	0.2301398360634909
IL-10RB	4	Anakinra	No	0.06297901681902862	0.060126927011549244	886.2088285685996	-0.05502876326731948	0.18098679690537672
IL-10RB	7	Anakinra	No	0.3320453787038511	0.060394179121666315	898.3255950484739	0.2135152641707433	0.4505754932369589
IL-10RB	1	Placebo	No	0.0704339361546311	0.09119169876478159	935.2789367502197	-0.10853010516582877	0.24939797747509096
IL-10RB	4	Placebo	No	0.03919892238121779	0.09025288101479384	908.6890691929675	-0.13792940161638956	0.2163272463788251
IL-10RB	7	Placebo	No	0.4570788124577049	0.09165398144882923	948.8209993357264	0.27721086606773276	0.6369467588476769
IL-10RB	1	Anakinra	Yes	-0.10786346733533882	0.11815183038365681	907.7587709491858	-0.33974597416161256	0.12401903949093494
IL-10RB	4	Anakinra	Yes	-0.28098078735174487	0.12030849324118852	950.0748747978408	-0.5170818796776429	-0.04487969502584685
IL-10RB	7	Anakinra	Yes	0.108893993142058	0.11947319178736603	932.742205834295	-0.12557340760559466	0.34336139388971065
IL-10RB	1	Placebo	Yes	0.0304233282101795	0.13489971428898814	909.9083500670109	-0.23432741799921275	0.2951740744195718
IL-10RB	4	Placebo	Yes	0.20090600325481245	0.1389154403799475	981.875012857355	-0.07169929222194577	0.47351129873157066
IL-10RB	7	Placebo	Yes	0.2259314359449285	0.13884717728677975	980.8142154341499	-0.04654026490054017	0.49840313679039716
IL-18R1	1	Anakinra	No	0.3364024535658287	0.05763489339556929	846.7974491780882	0.22327844916590806	0.44952645796574936
IL-18R1	4	Anakinra	No	-0.32261032067826606	0.057781159876356125	852.7378841455524	-0.4360202816377694	-0.2092003597187627
IL-18R1	7	Anakinra	No	-0.5404749292763678	0.05801558134679448	863.7907044315947	-0.6543429300184089	-0.42660692853432663
IL-18R1	1	Placebo	No	0.3059609951652103	0.08749989499424458	897.223561067646	0.13423269432071797	0.47768929600970267
IL-18R1	4	Placebo	No	-0.26924715624259754	0.0866711516311598	872.5711628771202	-0.4393554476217459	-0.0991388648634492
IL-18R1	7	Placebo	No	-0.3957474898603241	0.08790695350667253	909.7229142330398	-0.5682714865134133	-0.22322349320723484
IL-18R1	1	Anakinra	Yes	0.6567300886465526	0.11346483298814321	872.3428508306519	0.4340341220583144	0.8794260552347908
IL-18R1	4	Anakinra	Yes	0.13218591593915546	0.11538260022319582	912.301580733054	-0.09426024769204655	0.3586320795703575
IL-18R1	7	Anakinra	Yes	-0.07268183655072012	0.1146428820484708	896.0728395840849	-0.2976816664358432	0.152317993334403
IL-18R1	1	Placebo	Yes	0.6442579748001453	0.12953994545059594	874.196714234389	0.3900123410738136	0.898503608526477
IL-18R1	4	Placebo	Yes	0.1438168702130242	0.13310025856879193	941.7584353316074	-0.11739054386997255	0.40502428429602094
IL-18R1	7	Placebo	Yes	-0.0026921627962970263	0.13303916888922487	940.7267709099693	-0.2637800576782495	0.25839573208565547
PD-L1	1	Anakinra	No	0.24317287189296885	0.05821255454898482	902.1518092243456	0.12892508546667075	0.35742065831926695
PD-L1	4	Anakinra	No	-0.1677748861744023	0.05837995537170543	908.6860328788028	-0.28235010615473355	-0.05319966619407107
PD-L1	7	Anakinra	No	-0.40316058643815383	0.058654097504707334	921.463053798085	-0.5182717029791983	-0.2880494698971093
PD-L1	1	Placebo	No	0.17050000599568596	0.08863041972095716	960.6579023656652	-0.0034315619603282888	0.3444315739517002
PD-L1	4	Placebo	No	-0.18766857545936108	0.08767139528608887	932.9312679217632	-0.3597245693829493	-0.015612581535772857
PD-L1	7	Placebo	No	-0.32638955056922775	0.08910344291681671	974.8194736994382	-0.5012461921050759	-0.15153290903337963
PD-L1	1	Anakinra	Yes	0.6107732341396979	0.11476976464373066	931.4521707413886	0.3855359535353423	0.8360105147440534
PD-L1	4	Anakinra	Yes	0.45725593401547404	0.11696242842406973	975.0500726039719	0.2277288726821063	0.6867829953488418
PD-L1	7	Anakinra	Yes	0.26969648164911003	0.1161109058501762	957.0942456297528	0.04183513526100269	0.4975578280372174
PD-L1	1	Placebo	Yes	0.7398094154273548	0.13104402369442988	933.8251449771328	0.48263452234686677	0.9969843085078428
PD-L1	4	Placebo	Yes	0.6534923518121201	0.13513473715950275	1008.2467567349895	0.3883148042197786	0.9186698994044615
PD-L1	7	Placebo	Yes	0.18702183067481637	0.1350656366384971	1007.1772635155718	-0.07802045786049056	0.4520641192101233
CXCL5	1	Anakinra	No	0.029623916613004467	0.061399992185822566	903.9493699561642	-0.09087920352755774	0.15012703675356667
CXCL5	4	Anakinra	No	0.05670150905042775	0.06157718979291014	910.4993560710768	-0.06414821208288554	0.17755123018374105
CXCL5	7	Anakinra	No	0.3300156501151914	0.06186757346413516	923.3276390718543	0.20859827524090413	0.4514330249894787
CXCL5	1	Placebo	No	0.01679158132846131	0.09349176765265114	962.6987223475364	-0.16667958246453113	0.20026274512145376
CXCL5	4	Placebo	No	7.37177285151918e-4	0.0924762629311974	934.8862832359913	-0.1807479246620278	0.1822222792323316
CXCL5	7	Placebo	No	0.3470793972078837	0.0939927162544896	976.9073516062413	0.16262853325187504	0.5315302611638923
CXCL5	1	Anakinra	Yes	-0.025659896423983766	0.12105950272884602	933.360269105177	-0.2632402447430574	0.2119204518950899
CXCL5	4	Anakinra	Yes	-0.1099158735381589	0.12338042555713029	977.051170453767	-0.35203699569301483	0.132205248616697
CXCL5	7	Anakinra	Yes	-0.018968295442388053	0.12247890145684427	959.0492135364888	-0.25932586697627186	0.22138927609149572
CXCL5	1	Placebo	Yes	-0.06009931292669962	0.13822613785664825	935.7522052388405	-0.3313684346848301	0.21116980883143088
CXCL5	4	Placebo	Yes	0.13201900574755002	0.14255680892205302	1010.3542769376901	-0.14772231766290686	0.41176032915800687
CXCL5	7	Placebo	Yes	0.22306814029730934	0.14248369235295363	1009.2844492922974	-0.056530060844824176	0.5026663414394429
TRANCE	1	Anakinra	No	-0.17085834111525428	0.05479414398779524	1085.1882335783791	-0.2783728038436624	-0.06334387838684613
TRANCE	4	Anakinra	No	0.25126571529213976	0.05499923698687509	1092.2298390631745	0.1433496056619876	0.3591818249222919
TRANCE	7	Anakinra	No	0.6687849814951273	0.05535764809901129	1108.4155429127625	0.5601673792215416	0.7774025837687131
TRANCE	1	Placebo	No	-0.20810016603075493	0.08411911209727972	1161.181441808656	-0.37314262609697957	-0.04305770596453029
TRANCE	4	Placebo	No	0.044169841294146424	0.08290417749771122	1129.5401910711378	-0.1184936604746819	0.20683334306297474
TRANCE	7	Placebo	No	0.45184491868011395	0.08472656511280742	1177.7091649886065	0.2856130644178233	0.6180767729424046
TRANCE	1	Anakinra	Yes	-0.4114217150440591	0.10847441694288859	1121.576474447934	-0.6242573457236816	-0.1985860843644366
TRANCE	4	Anakinra	Yes	-0.2988685838087485	0.11115821831288386	1167.1959082227056	-0.5169608426560095	-0.08077632496148743
TRANCE	7	Anakinra	Yes	-0.19424644138799174	0.11009537081020362	1147.6482478890455	-0.41025721418472744	0.021764331408743953
TRANCE	1	Placebo	Yes	-0.6723009909372287	0.123908067915997	1126.7067524691363	-0.9154175045168531	-0.42918447735760434
TRANCE	4	Placebo	Yes	-0.2894602672778496	0.12898879389803938	1206.4258092311948	-0.5425275468643833	-0.03639298769131599
TRANCE	7	Placebo	Yes	-0.19189170942559802	0.12890745476094934	1205.5576206223627	-0.4447995900374829	0.06101617118628683
HGF	1	Anakinra	No	-0.1325721851977285	0.06064030453227569	1100.0696687009502	-0.251555908860874	-0.01358846153458304
HGF	4	Anakinra	No	-0.21360143832062572	0.06087075291741634	1107.0583066154163	-0.3330364995665864	-0.09416637707466508
HGF	7	Anakinra	No	-0.13406206094782902	0.06127548468211742	1123.3413274495676	-0.25428934274105264	-0.013834779154605417
HGF	1	Placebo	No	-0.08156857464747662	0.09315123470807282	1176.7616506590957	-0.2643296163381794	0.1011924670432262
HGF	4	Placebo	No	-0.07349793461846908	0.09178259215906266	1145.2426142541212	-0.2535788270467135	0.10658295780977532
HGF	7	Placebo	No	-0.007950530692889654	0.09383630548192522	1193.2583877642076	-0.19205304839031728	0.176151987004538
HGF	1	Anakinra	Yes	0.18098119093810994	0.12008333325274913	1136.6319768235467	-0.05462870656273611	0.416591088438956
HGF	4	Anakinra	Yes	0.2738852216138197	0.12309916058978256	1181.8099631012476	0.03236795191813749	0.5154024913095019
HGF	7	Anakinra	Yes	0.4607926122160819	0.12190312075460595	1162.3959240703634	0.2216178455744815	0.6999673788576823
HGF	1	Placebo	Yes	0.007225593894214774	0.1371744102036744	1142.063870522312	-0.2619165426047262	0.27636773039315576
HGF	4	Placebo	Yes	0.41111305909397483	0.14288992951437343	1221.1131786825285	0.13077607883761017	0.6914500393503396
HGF	7	Placebo	Yes	0.5007586278508782	0.14279884783209076	1220.2780783475796	0.22060015130791266	0.7809171043938438
IL-12B	1	Anakinra	No	0.8973833385669379	0.049657481718602556	1047.4367607671118	0.7999438689816019	0.9948228081522739
IL-12B	4	Anakinra	No	0.1782272353438428	0.04983574533986637	1054.5509130974056	0.08043873444610543	0.27601573624158016
IL-12B	7	Anakinra	No	0.10980446841827045	0.05014331102272847	1070.3593246776925	0.011414126902844365	0.20819480993369655
IL-12B	1	Placebo	No	0.8519389786758272	0.0761122712811972	1121.13213536427	0.7026004465781939	1.0012775107734606
IL-12B	4	Placebo	No	0.17682692061669683	0.07506320993054713	1089.481645432575	0.029542108978838605	0.32411173225455503
IL-12B	7	Placebo	No	0.1926670784897418	0.07663531422979174	1137.5853448299854	0.04230464341017781	0.3430295135693058
IL-12B	1	Anakinra	Yes	0.9563452800947885	0.09822972898657775	1083.0968019151665	0.7636031631914835	1.1490873969980935
IL-12B	4	Anakinra	Yes	-0.134427224462832	0.10056223905642403	1129.4562975711722	-0.33173703137086513	0.06288258244520112
IL-12B	7	Anakinra	Yes	-0.3558134711589392	0.09964193708563211	1109.7397640478803	-0.5513213105714927	-0.1603056317463857
IL-12B	1	Placebo	Yes	1.051651806529642	0.11219463177757523	1087.5141491028041	0.8315093629552152	1.271794250104069
IL-12B	4	Placebo	Yes	0.11039590046013172	0.11659784878021014	1168.2242825741237	-0.11836869622989012	0.33916049715015356
IL-12B	7	Placebo	Yes	-0.16164446097132928	0.11652654333368559	1167.2813070184006	-0.3902693481552152	0.06698042621255659
MMP-10	1	Anakinra	No	0.4503246764365212	0.0581968961672838	885.239352941382	0.3361046896217979	0.5645446632512445
MMP-10	4	Anakinra	No	0.052412652774306664	0.058358507115605696	891.6144866802125	-0.062123398146660846	0.16694870369527418
MMP-10	7	Anakinra	No	-0.055815706874228446	0.05862146076616475	903.8941678810809	-0.1708657135019026	0.05923429975344573
MMP-10	1	Placebo	No	0.3179708983222149	0.08853102969691537	941.3960067083838	0.144229892570097	0.49171190407433285
MMP-10	4	Placebo	No	-0.016778914096973078	0.08760824253286399	914.520482020808	-0.18871546643237258	0.15515763823842643
MMP-10	7	Placebo	No	0.07276645670997196	0.08898560194268462	955.0931154456285	-0.10186341729524932	0.24739633071519324
MMP-10	1	Anakinra	Yes	0.6220450711592291	0.114689152050901	913.4637873391528	0.3969602269363842	0.847129915382074
MMP-10	4	Anakinra	Yes	0.11344265868080744	0.11680654861182638	956.1100676711377	-0.11578414760495986	0.34266946496657474
MMP-10	7	Anakinra	Yes	0.06757710243610938	0.1159859217823531	938.6188518166184	-0.16004464246991607	0.2951988473421348
MMP-10	1	Placebo	Yes	0.6236590167193797	0.1309475862173853	915.6651690158398	0.36666676848683155	0.8806512649519279
MMP-10	4	Placebo	Yes	0.3601737173881673	0.1348920573626871	988.259124545116	0.0954659506975114	0.6248814840788232
MMP-10	7	Placebo	Yes	0.13315727622124043	0.13482510698187353	987.1954570679434	-0.1314194587826054	0.3977340112250862
IL10	1	Anakinra	No	0.4915073197835483	0.05611364608851476	1078.9528886324383	0.38140308234076986	0.6016115572263266
IL10	4	Anakinra	No	-0.2541483348773688	0.05632230296532432	1086.012618421942	-0.36466118478858967	-0.143635484966148
IL10	7	Anakinra	No	-0.45860147611342844	0.05668617843694973	1102.148778874125	-0.5698264877421717	-0.34737646448468523
IL10	1	Placebo	No	0.549258730413573	0.08612245268258245	1154.6179740210587	0.3802846957362649	0.7182327650908811
IL10	4	Placebo	No	-0.3047108311366338	0.08488774109889093	1122.9454556639687	-0.47126726562991217	-0.13815439664335535
IL10	7	Placebo	No	-0.35766806762356274	0.08673950571407044	1171.148524937788	-0.5278502525012098	-0.18748588274591574
IL10	1	Anakinra	Yes	0.9128114852311698	0.11107270053395622	1115.2489931972118	0.6948764750172223	1.1307464954451174
IL10	4	Anakinra	Yes	0.26039372762534724	0.11380306956159988	1161.0286558170753	0.037111043414798484	0.483676411835896
IL10	7	Anakinra	Yes	-0.0858918716227582	0.11272243253463766	1141.4361597100421	-0.30705829747855495	0.13527455423303852
IL10	1	Placebo	Yes	0.8580780961834352	0.1268738738445198	1120.256313094912	0.6091409173131361	1.1070152750537343
IL10	4	Placebo	Yes	0.055058445048326465	0.13204037414579142	1200.2096381862732	-0.20399717575285453	0.31411406584950746
IL10	7	Placebo	Yes	-0.13063436639683956	0.13195750340484788	1199.3281610076617	-0.3895275916471679	0.12825885885348876
TNF	1	Anakinra	No	0.23023479498902705	0.06149573295534871	996.2639624860723	0.10955876652658987	0.35091082345146424
TNF	4	Anakinra	No	0.03507235017063144	0.06170253059535221	1003.3318789316701	-0.08600844976153005	0.15615315010279293
TNF	7	Anakinra	No	-0.09675309927681168	0.06205304181117416	1018.3446995033503	-0.21851955023031877	0.025013351676695425
TNF	1	Placebo	No	0.2516374950067414	0.09404633541372467	1065.702570405789	0.06710048212492448	0.43617450788855827
TNF	4	Placebo	No	0.04277149662906163	0.09284045609305384	1034.7251842983728	-0.1394055500225339	0.22494854328065716
TNF	7	Placebo	No	-0.03401594051134654	0.09464528905206182	1081.7064549481881	-0.21972509175903573	0.15169321073634265
TNF	1	Anakinra	Yes	0.3855957370507724	0.12151351618546298	1030.3047472533272	0.14715351408755228	0.6240379600139925
TNF	4	Anakinra	Yes	0.0858916197695609	0.12421969566343097	1076.7492680351602	-0.1578484907730872	0.329631730312209
TNF	7	Anakinra	Yes	0.08038430441333429	0.12315758960617822	1057.206388293079	-0.16127680090760443	0.32204540973427304
TNF	1	Placebo	Yes	0.401506827614481	0.13877162041844976	1033.8776391948627	0.12920066604654573	0.6738129891824163
TNF	4	Placebo	Yes	0.37067072552561403	0.14385993019802515	1114.2495096906482	0.08840383402300245	0.6529376170282256
TNF	7	Placebo	Yes	0.1339244311364455	0.14377627282406105	1113.2296341012532	-0.14817859766118116	0.4160274599340722
CCL23	1	Anakinra	No	0.3270014144103833	0.05962018045858861	959.7330629404033	0.21000045574127685	0.4440023730794897
CCL23	4	Anakinra	No	-0.17425557582176712	0.05981008979993446	966.663826731743	-0.2916281573678934	-0.05688299427564085
CCL23	7	Anakinra	No	-0.34963738520655135	0.06012780067068114	980.921432109403	-0.46763129926760394	-0.23164347114549877
CCL23	1	Placebo	No	0.3352254683454959	0.09102586332343827	1025.3809315286728	0.15660721700461228	0.5138437196863794
CCL23	4	Placebo	No	-0.2653028888472568	0.08992588740727948	995.3606029626566	-0.441768968788525	-0.08883680890598858
CCL23	7	Placebo	No	-0.3032968241805433	0.09157073954455058	1040.822845543376	-0.4829811249902428	-0.12361252337084386
CCL23	1	Anakinra	Yes	0.6831646178930124	0.11770953274257602	992.1943594788956	0.4521763995652056	0.9141528362208192
CCL23	4	Anakinra	Yes	0.1532669618844393	0.12019532799117111	1038.0132314000973	-0.08258656113690646	0.3891204849057851
CCL23	7	Anakinra	Yes	-0.05387666692692505	0.11922357538974901	1018.8876837862621	-0.2878284929048611	0.180075159051011
CCL23	1	Placebo	Yes	0.3631102799165049	0.1344165741812261	995.249251643888	0.09933785753977603	0.6268827022932337
CCL23	4	Placebo	Yes	0.2651977785945698	0.13907672575536692	1074.149041732236	-0.007695088121400462	0.5380906453105401
CCL23	7	Placebo	Yes	0.007954368973808511	0.1389992912877369	1073.0944616880683	-0.2647868601245781	0.28069559807219513
CD5	1	Anakinra	No	0.04754558819877472	0.05815120818918734	1049.70332757875	-0.06656025309592382	0.16165142949347328
CD5	4	Anakinra	No	0.1808427303255708	0.05836051683998796	1056.8156531500545	0.066327067683599	0.2953583929675426
CD5	7	Anakinra	No	0.5382912569476409	0.058721925798646504	1072.6518731983192	0.4230683840050758	0.6535141298902061
CD5	1	Placebo	No	-0.03070240134048735	0.08913962447494972	1123.5573996869116	-0.20560126314986812	0.14419646046889342
CD5	4	Placebo	No	0.1360738048842643	0.08790737427340245	1091.8953034397828	-0.036412680082533566	0.30856028985106215
CD5	7	Placebo	No	0.5619200702013745	0.08975410558700389	1140.021268340921	0.3858182913138264	0.7380218490889225
CD5	1	Anakinra	Yes	-0.15663316499959642	0.11503699249960805	1085.4184864116637	-0.3823532258104493	0.06908689581125643
CD5	4	Anakinra	Yes	-0.07214516004883514	0.11777571783681538	1131.7493416610764	-0.30322845587313596	0.15893813577546567
CD5	7	Anakinra	Yes	0.17843685956156255	0.11669489616535178	1112.0359463915913	-0.05053014220973598	0.4074038613328611
CD5	1	Placebo	Yes	-0.17758693330326497	0.13139206426549485	1089.8764913564498	-0.43539695310846416	0.08022308650193422
CD5	4	Placebo	Yes	-0.08141204405164205	0.13656300934963356	1170.5563125448673	-0.34934766666203093	0.18652357855874685
CD5	7	Placebo	Yes	-0.15504780569810056	0.13647932833117968	1169.6174264511728	-0.4228194692442884	0.1127238578480873
CCL3	1	Anakinra	No	-0.3206779960819743	0.05849142092980755	1208.9654055252222	-0.4354339613148149	-0.20592203084913369
CCL3	4	Anakinra	No	0.16020364184757918	0.058735477917255044	1215.162920607965	0.04496944330232268	0.2754378403928357
CCL3	7	Anakinra	No	0.4286064587588437	0.059179695110322984	1231.2091162027796	0.3125022511000093	0.5447106664176781
CCL3	1	Placebo	No	-0.3068395722950293	0.09023995200529196	1286.921567220976	-0.48387312761403567	-0.12980601697602287
CCL3	4	Placebo	No	-0.05653573656685698	0.08876367851504692	1258.3231350149222	-0.23067685089626153	0.11760537776254756
CCL3	7	Placebo	No	0.3670447243550626	0.09098514820764833	1302.1576771431394	0.1885512024127935	0.5455382462973317
CCL3	1	Anakinra	Yes	-0.2728134804146556	0.11606326450269656	1244.7505935786394	-0.5005147061023616	-0.045112254726949574
CCL3	4	Anakinra	Yes	0.12147102710629304	0.11926142369437519	1284.3514174579016	-0.11249755502347825	0.3554396092360643
CCL3	7	Anakinra	Yes	0.4520016761754678	0.11798061652946515	1267.0020957744555	0.22054280832290396	0.6834605440280317
CCL3	1	Placebo	Yes	-0.19282289601039007	0.13263016855797025	1252.7024519772413	-0.45302465314835383	0.06737886112757366
CCL3	4	Placebo	Yes	0.21722682947822333	0.13873734927217446	1322.3597763144373	-0.05494249287348793	0.48939615182993457
CCL3	7	Placebo	Yes	0.39523723538556216	0.138643429338717	1321.8125338618263	0.1232520582032629	0.6672224125678614
Flt3L	1	Anakinra	No	0.1649714459836086	0.057328134928608956	1115.1582663416891	0.05248828211463788	0.2774546098525793
Flt3L	4	Anakinra	No	0.3046630770358814	0.057549229181422516	1122.0793377585717	0.19174686228944166	0.41757929178232117
Flt3L	7	Anakinra	No	0.5309559787712231	0.05793948613731702	1138.430432573268	0.41727581157268434	0.6446361459697619
Flt3L	1	Placebo	No	0.09107479713880061	0.08811759191465038	1192.4352740261675	-0.08180798859598513	0.26395758287358634
Flt3L	4	Placebo	No	0.11022700129227599	0.0868011066609261	1161.1085967482727	-0.06007756755533862	0.2805315701398906
Flt3L	7	Placebo	No	0.538239869716296	0.08877730686249742	1208.8657190378074	0.36406515794277844	0.7124145814898135
Flt3L	1	Anakinra	Yes	0.05845899444346228	0.11355782411387048	1151.8303098758588	-0.1643443726608591	0.28126236154778367
Flt3L	4	Anakinra	Yes	-0.2899046248017591	0.11645153146238356	1196.4774571017103	-0.5183765521333386	-0.061432697470179626
Flt3L	7	Anakinra	Yes	0.19172431592126388	0.11530229029754478	1177.236707935428	-0.03449660315738046	0.4179452349999082
Flt3L	1	Placebo	Yes	0.13721505782089216	0.1297258419346326	1157.5795299606073	-0.11730904574069323	0.39173916138247755
Flt3L	4	Placebo	Yes	0.1747259419011768	0.13521591670430158	1235.7928311384992	-0.09055220027401295	0.44000408407636654
Flt3L	7	Placebo	Yes	-0.019112693464564262	0.13512883960662195	1234.9931334860973	-0.2842201686395742	0.24599478171044573
CXCL6	1	Anakinra	No	-0.1348453823641552	0.06082405043199351	977.3672707381448	-0.25420614296080707	-0.015484621767503329
CXCL6	4	Anakinra	No	-0.05050695548080469	0.06102310911185419	984.3752020665978	-0.17025729064428685	0.06924337968267746
CXCL6	7	Anakinra	No	0.2628017557539588	0.06135824622385586	999.016074286964	0.14239592755643968	0.3832075839514779
CXCL6	1	Placebo	No	-0.1303727791879909	0.09293953372013476	1044.920144785487	-0.31274215812758255	0.05199659975160076
CXCL6	4	Placebo	No	-0.015583566797184999	0.09178278976776576	1014.3887726430194	-0.19568942631789937	0.16452229272352936
CXCL6	7	Placebo	No	0.28292213227379515	0.093513279112881445	1060.65809227671	0.0994300862260217	0.4664141783215686
CXCL6	1	Anakinra	Yes	-0.41017310678071733	0.12013519193084257	1010.633771372854	-0.6459160831155457	-0.17443013044588895
CXCL6	4	Anakinra	Yes	-0.22493725121437055	0.12274038822171097	1056.8282945762976	-0.46577981838883453	0.015905315960093425
CXCL6	7	Anakinra	Yes	-0.07000752397583837	0.12171998813152313	1037.4702624193972	-0.3088529603317752	0.16883791238009843
CXCL6	1	Placebo	Yes	-0.09562221183313102	0.1371917535191618	1013.9300734696836	-0.36483446940923536	0.17359004574297332
CXCL6	4	Placebo	Yes	0.15510639769202125	0.14208277110435538	1093.6709249512642	-0.12367924244062947	0.433892037824672
CXCL6	7	Placebo	Yes	0.3138653158481836	0.1420019137798878	1092.6308274702533	0.03523803489240479	0.5924925968039625
CXCL10	1	Anakinra	No	0.5625286787990743	0.05189361369346253	1026.3163548436257	0.46069897665132925	0.6643583809468194
CXCL10	4	Anakinra	No	-0.22477669046674534	0.052075190069059446	1033.431816795096	-0.32696186527166404	-0.1225915156618266
CXCL10	7	Anakinra	No	-0.6414932775704029	0.05238620234242631	1048.9503337901967	-0.7442869568413951	-0.5386995982994106
CXCL10	1	Placebo	No	0.7265492081496476	0.07946719171587557	1098.409325828944	0.5706245604322	0.8824738558670953
CXCL10	4	Placebo	No	-0.2752700164096643	0.0784026331100861	1066.9414352104013	-0.4291108710444681	-0.12142916177486052
CXCL10	7	Placebo	No	-0.5779716990209661	0.07999713003485569	1114.725388196798	-0.7349336182350454	-0.4210097798068868
CXCL10	1	Anakinra	Yes	1.013934297516082	0.10260729792209906	1061.394302276833	0.8125980991197361	1.215270495912428
CXCL10	4	Anakinra	Yes	0.26859407155971415	0.10498318950830768	1107.9207247587356	0.06260577035646481	0.4745823727629635
CXCL10	7	Anakinra	Yes	0.03724882779600796	0.10404778035934797	1088.218733917073	-0.16690814237643103	0.24140579796844697
CXCL10	1	Placebo	Yes	1.2400224317388313	0.117188449163278	1065.446079359458	1.0100760741593824	1.4699687893182802
CXCL10	4	Placebo	Yes	0.4466827138296008	0.12166628792084337	1146.2557236284144	0.20796911133691195	0.6853963163222896
CXCL10	7	Placebo	Yes	-0.03910438059025205	0.12159331577859107	1145.2773185289227	-0.2776750245617304	0.1994662633812263
4E-BP1	1	Anakinra	No	0.16323979596293575	0.06200554747090734	1057.4975768231247	0.041571903169877286	0.2849076887559942
4E-BP1	4	Anakinra	No	-0.10225994102102581	0.06223073928265076	1064.6011411205636	-0.22436877380946274	0.0198488917674111
4E-BP1	7	Anakinra	No	-0.0691458043913008	0.06262060824650244	1080.5280280153866	-0.1920175746745189	0.05372596589191729
4E-BP1	1	Placebo	No	0.1508365926228821	0.09507944737287956	1131.8774364992273	-0.03571518397132206	0.33738836921708626
4E-BP1	4	Placebo	No	0.0022878828610098257	0.093751871008228585	1100.1872717858382	-0.18166477842005255	0.18624054414207222
4E-BP1	7	Placebo	No	0.07662878542208318	0.09574184842575223	1148.3719391102604	-0.11121977492975713	0.26447734577392346
4E-BP1	1	Anakinra	Yes	0.1299663906783417	0.12268161400642445	1093.391272840369	-0.11075161980839013	0.3706844011650735
4E-BP1	4	Anakinra	Yes	0.0019147815740199262	0.1256281882144974	1139.608019889479	-0.2445737306171466	0.24840329376518644
4E-BP1	7	Anakinra	Yes	-0.028903846772923687	0.12446443562414428	1119.9123023437326	-0.2731135869572241	0.2153058934113767
4E-BP1	1	Placebo	Yes	0.30432907080665456	0.1401263275382077	1097.9911955739126	0.029383436465621082	0.5792747051476881
4E-BP1	4	Placebo	Yes	0.1805317599864473	0.14569299464399005	1178.538038802885	-0.10531482304831194	0.4663783430212065
4E-BP1	7	Placebo	Yes	0.19617982653018137	0.14560312091767452	1177.613622348497	-0.08949065668212855	0.4818503097424913
SIRT2	1	Anakinra	No	0.014947291244055966	0.06138461571130237	1406.416669562113	-0.10546797281297415	0.1353625553010861
SIRT2	4	Anakinra	No	-0.14228122660712741	0.06167138538760688	1409.56975570729	-0.26325879993273055	-0.021303653281524282
SIRT2	7	Anakinra	No	0.09155202289534486	0.06222849077129062	1420.3635649833047	-0.030517598094489062	0.2136216438851788
SIRT2	1	Placebo	No	-0.053631296149975326	0.09542820523219556	1466.233463941166	-0.24082166356297438	0.13355907126302372
SIRT2	4	Placebo	No	-0.10604548137200559	0.09363633553567578	1451.3386247390952	-0.2897225045632128	0.07763154181920165
SIRT2	7	Placebo	No	0.05216053793032823	0.09634911642087111	1474.822280641922	-0.1368353641338264	0.24115643999448289
SIRT2	1	Anakinra	Yes	-0.03210190136125872	0.12220181662368436	1430.6411628715944	-0.27181586293460813	0.20761206021209072
SIRT2	4	Anakinra	Yes	0.1295884585273408	0.12598695870280407	1451.7444183539715	-0.11754748506033388	0.37672440211501546
SIRT2	7	Anakinra	Yes	0.06242380883830016	0.12444846805827005	1442.3334665138043	-0.18169556147599353	0.3065431791525938
SIRT2	1	Placebo	Yes	0.07885939919238674	0.13980134529385335	1443.3788049642744	-0.19537616317639148	0.35309496156116493
SIRT2	4	Placebo	Yes	-0.05448811367976471	0.14711478176912146	1479.1902782429972	-0.343063914735874	0.2340876873763446
SIRT2	7	Placebo	Yes	-0.054411986587740116	0.1470111067786247	1479.2147718314532	-0.34278441808209914	0.23396044490661894
DNER	1	Anakinra	No	-0.09145159417233722	0.05860124897885281	955.5061389887288	-0.20645360449373068	0.023550416149056244
DNER	4	Anakinra	No	0.09524456144821636	0.058786656519785103	962.4153462280386	-0.02012025147164903	0.21060937436808175
DNER	7	Anakinra	No	0.42131612803629553	0.05909636082561134	976.5760218721481	0.3053456589102392	0.5372865971623519
DNER	1	Placebo	No	-0.05253869943014274	0.08945252711159651	1020.6770448995185	-0.22807058022295953	0.12299318136267404
DNER	4	Placebo	No	0.08986120232937386	0.08837947349963332	990.7927123679478	-0.08357124546554792	0.2632936501242956
DNER	7	Placebo	No	0.4986391086744142	0.0899839007324961	1036.0412004309496	0.322067626947274	0.6752105904015544
DNER	1	Anakinra	Yes	-0.089380077381227	0.11568639118259018	987.762789096786	-0.3163994120506418	0.13763925728818782
DNER	4	Anakinra	Yes	-0.31560305601038624	0.1181133524235599	1033.4708448658484	-0.5473724074762167	-0.08383370454455569
DNER	7	Anakinra	Yes	-0.02992077532716813	0.11716504450946724	1014.4097025108471	-0.25983436348949024	0.19999281283515397
DNER	1	Placebo	Yes	-0.2008130619407147	0.13210509083684788	990.7621650373188	-0.46005097349120516	0.058424849609775786
DNER	4	Placebo	Yes	-0.2296653328649763	0.13665336346789747	1069.423815464707	-0.49780447528167854	0.03847380955172591
DNER	7	Placebo	Yes	-0.3101802699665081	0.13657769595384614	1068.3664203690735	-0.5781712392663741	-0.04218930066664206
EN-RAGE	1	Anakinra	No	-0.23373466513349916	0.05982834009379554	1113.971264051268	-0.3511236013411093	-0.116345728925889
EN-RAGE	4	Anakinra	No	-0.30806067476363563	0.060058814916308316	1120.8981532893376	-0.4259010325867315	-0.19022031694053976
EN-RAGE	7	Anakinra	No	0.006686670239560901	0.06046546951258217	1137.2450233759491	-0.11194973418135748	0.1253230746604793
EN-RAGE	1	Placebo	No	-0.10572323270635281	0.09195615661833649	1191.2068159467442	-0.2861373002477835	0.07469083483507791
EN-RAGE	4	Placebo	No	-0.0681391441581495	0.09058409372116742	1159.8625106556108	-0.2458661676178223	0.10958787930152328
EN-RAGE	7	Placebo	No	0.07715563220641886	0.092643660743154	1207.6437480327759	-0.10460477303174295	0.2589160374445807
EN-RAGE	1	Anakinra	Yes	0.11001533338618802	0.11850760358920545	1150.6371340419034	-0.12249988178171581	0.3425305485540918
EN-RAGE	4	Anakinra	Yes	0.5616046295224582	0.12152405797306674	1195.32902948764	0.32318043359276694	0.8000288254521494
EN-RAGE	7	Anakinra	Yes	0.5292337811210936	0.12032620059610478	1176.0732826340036	0.2931558044330348	0.7653117578091525
EN-RAGE	1	Placebo	Yes	-0.057711089925768344	0.13537987990456582	1156.3609781929426	-0.32332879618903804	0.20790661633750135
EN-RAGE	4	Placebo	Yes	0.3723247095297651	0.14110234705395472	1234.64570659444	0.09549781303726601	0.6491516060222642
EN-RAGE	7	Placebo	Yes	0.4620179149293871	0.14101155012946462	1233.8431597689487	0.18536897519284862	0.7386668546659256
CD40	1	Anakinra	No	-0.02620000289399457	0.06030975908673909	1030.629247908272	-0.1445439381972866	0.09214393240929744
CD40	4	Anakinra	No	-0.09441006116453056	0.06052192168423336	1037.7467567152478	-0.21316935877299534	0.02434923644393422
CD40	7	Anakinra	No	0.2115636110076004	0.06088586587761817	1053.3289439017394	0.09209222664346411	0.3310349953717367
CD40	1	Placebo	No	-0.22079955137272414	0.09237257014001116	1103.0674022747728	-0.4020453341196194	-0.039553768625828906
CD40	4	Placebo	No	-0.15514605072307588	0.09112773140442622	1071.5513139447712	-0.3339550910673241	0.023662989621172303
CD40	7	Placebo	No	0.05126935423545184	0.09299245025145396	1119.4170109031543	-0.1311897785443191	0.23372848701522278
CD40	1	Anakinra	Yes	-0.013088856155464665	0.11925921066474471	1065.836041243435	-0.24709835013960052	0.22092063782867116
CD40	4	Anakinra	Yes	0.05586015870315594	0.12203529815538855	1112.343184401303	-0.18358517128142404	0.29530548868773593
CD40	7	Anakinra	Yes	0.5020314117943868	0.1209418450268893	1092.6317618388648	0.2647268818435089	0.7393359417452647
CD40	1	Placebo	Yes	0.0749705626545334	0.1362081249349327	1069.9605183832255	-0.19229478761653385	0.3422359129256006
CD40	4	Placebo	Yes	0.2849250706291971	0.14144195860906555	1150.7768590842654	0.0074120483501478596	0.5624380929082463
CD40	7	Placebo	Yes	0.39976299387747105	0.1413567757068148	1149.8052857530583	0.12241685606102143	0.6771091316939206
IFN-gamma	1	Anakinra	No	0.7035168179401553	0.05493717667160737	1141.8300629976738	0.59572767350234	0.8113059623779706
IFN-gamma	4	Anakinra	No	-0.035456901421882084	0.05515430836583615	1148.5980129108	-0.14367139114149124	0.07275758829772708
IFN-gamma	7	Anakinra	No	-0.273712886090946	0.05554096023690338	1164.9922179962787	-0.3826843813587566	-0.16474139082313546
IFN-gamma	1	Placebo	No	0.7586772623708377	0.08453328024757135	1219.8288206849088	0.5928305203938724	0.9245240043478029
IFN-gamma	4	Placebo	No	-0.13164712167505238	0.08323452222131206	1189.010350855449	-0.2949500203640284	0.03165577701392361
IFN-gamma	7	Placebo	No	-0.23527279934786455	0.08518543559446802	1236.0563259438381	-0.4023968326944338	-0.06814876600129524
IFN-gamma	1	Anakinra	Yes	0.9469003953661645	0.10887716444316117	1178.5285820300041	0.7332856930301337	1.1605150977021954
IFN-gamma	4	Anakinra	Yes	0.08156905673344904	0.11171969776271568	1222.0389920216767	-0.13761461332244196	0.30075272678934
IFN-gamma	7	Anakinra	Yes	0.018531538914316838	0.11058800136980632	1203.1957439941941	-0.19843521661044153	0.2354982944390752
IFN-gamma	1	Placebo	Yes	0.9423939379371207	0.12438896518572966	1184.865920135838	0.6983467513094221	1.1864411245648192
IFN-gamma	4	Placebo	Yes	0.19003374279479446	0.12979219322579025	1261.2239153446908	-0.06459864162511897	0.4446661272147079
IFN-gamma	7	Placebo	Yes	-0.16643378480892876	0.12970721807228433	1260.4908909184637	-0.4208996031514063	0.08803203353354874
FGF-19	1	Anakinra	No	0.24011592349394068	0.060154726225874394	1262.1761928682533	0.1221016586020432	0.35813018838583816
FGF-19	4	Anakinra	No	-0.14791430696861202	0.06041506211838503	1267.7420763203436	-0.2664388111283461	-0.029389802808877916
FGF-19	7	Anakinra	No	-0.015855519201440002	0.06089714739394259	1283.0211895029236	-0.13532443651026926	0.10361339810738927
FGF-19	1	Placebo	No	0.31856392264007405	0.09299606954589469	1338.069966016913	0.13612995570748002	0.5009978895726681
FGF-19	4	Placebo	No	-0.027137554011332804	0.09140747026858217	1312.162653257661	-0.20645831003055357	0.15218320200788796
FGF-19	7	Placebo	No	0.21384913264195965	0.09380147523297208	1352.042485727398	0.02983689205376755	0.39786137323015175
FGF-19	1	Anakinra	Yes	0.26052654359847316	0.11947376556707034	1296.1962006547799	0.02614340674939028	0.494909680447556
FGF-19	4	Anakinra	Yes	-0.19820008445272388	0.12288936374656174	1331.7349039957037	-0.4392779147945314	0.04287774588908361
FGF-19	7	Anakinra	Yes	-0.08213603446372658	0.1215154754013975	1316.0392190808263	-0.3205212298303791	0.15624916090292595
FGF-19	1	Placebo	Yes	0.1599443952877944	0.13655822914225885	1305.5217923114653	-0.10795318267484469	0.4278419732504335
FGF-19	4	Placebo	Yes	0.08227074329421025	0.143103132314778	1367.9567022243332	-0.1984546234463337	0.3629961100347542
FGF-19	7	Placebo	Yes	-0.02592866528689943	0.14300438461250584	1367.5677235308158	-0.3064603893530196	0.2546030587792208
MCP-2	1	Anakinra	No	0.5439098724515463	0.05547638608673884	859.4411843073818	0.4350248129075463	0.6527949319955464
MCP-2	4	Anakinra	No	-0.1867265825912423	0.05562167011525558	865.5358582199826	-0.2958957111075747	-0.07755745407490995
MCP-2	7	Anakinra	No	-0.45718232807766324	0.05585569063933658	877.0064276499005	-0.566808762905521	-0.3475558932498055
MCP-2	1	Placebo	No	0.6545802798819691	0.08427963376038591	911.8098243134244	0.48917567491125047	0.8199848848526877
MCP-2	4	Placebo	No	-0.1425459391062075	0.08345433824876339	886.3827319575591	-0.30633708963376177	0.021245211421346777
MCP-2	7	Placebo	No	-0.38783476243361165	0.08468538899766904	924.7244107213422	-0.5540326050436142	-0.22163691982360914
MCP-2	1	Anakinra	Yes	0.8893037559011062	0.10925312644507307	885.902566626759	0.6748786113691769	1.1037289004330355
MCP-2	4	Anakinra	Yes	0.11339829520872684	0.11115751418027414	926.8266573179868	-0.10475130945210166	0.33154789986955535
MCP-2	7	Anakinra	Yes	-0.18868212470887896	0.11042178332775957	910.1509966107888	-0.4053930295994107	0.028028780181652807
MCP-2	1	Placebo	Yes	1.0950767527967171	0.12473462879333673	887.8646170533161	0.8502676492180712	1.339885856375363
MCP-2	4	Placebo	Yes	0.3276657681577011	0.1282741556949323	957.2165215375044	0.07593474528849031	0.5793967910269119
MCP-2	7	Placebo	Yes	-0.2507508237052893	0.12821363890828436	956.1713731345423	-0.5023634338725321	8.61786461953562e-4
CASP-8	1	Anakinra	No	-0.031792920367966104	0.061817329180554194	1131.6594817049015	-0.1530823817511744	0.08949654101524217
CASP-8	4	Anakinra	No	-0.07677363039252769	0.06205943350452367	1138.4908564156958	-0.19853733333290013	0.04499007254784475
CASP-8	7	Anakinra	No	0.23410819741518507	0.06248911376627641	1154.8804131955287	0.11150329207716803	0.3567131027532021
CASP-8	1	Placebo	No	-0.042763148681944266	0.09508119131877282	1209.4307892633435	-0.22930554249533175	0.14377924513144325
CASP-8	4	Placebo	No	0.009918001710181224	0.09363555132442866	1178.3932374858127	-0.1737929985556746	0.19362900197603705
CASP-8	7	Placebo	No	0.13983475336995532	0.09580653726678097	1225.748581619856	-0.04812820991474684	0.3277977166546575
CASP-8	1	Anakinra	Yes	-0.09961589661138763	0.12248899084281223	1168.3734000426098	-0.33993886288618247	0.14070706966340718
CASP-8	4	Anakinra	Yes	0.05572720017451167	0.12565812539089172	1212.3466037557475	-0.1908043242262567	0.30225872457528
CASP-8	7	Anakinra	Yes	0.09397915099717483	0.12439757162957644	1193.3382071590565	-0.15008314940454348	0.33804145139889313
CASP-8	1	Placebo	Yes	0.023072612829053235	0.13993560372098507	1174.4824948479961	-0.2514790652380744	0.2976242908961808
CASP-8	4	Placebo	Yes	-0.020523794624971413	0.1459553245360456	1251.6040687307932	-0.30686787872830396	0.26582028947836117
CASP-8	7	Placebo	Yes	0.030373631776317897	0.14586034476013504	1250.845043430238	-0.255784283271478	0.31653154682411383
CCL25	1	Anakinra	No	0.2089470510840941	0.060961302566550093	907.9300400811998	0.08930560285097053	0.3285884993172177
CCL25	4	Anakinra	No	0.17944741887054927	0.06113861195364247	914.514150156233	0.05945913984089082	0.29943569790020774
CCL25	7	Anakinra	No	0.129898623252997	0.06142961678435094	927.4548394746621	0.00934145852641989	0.25045578797957413
CCL25	1	Placebo	No	0.24740652240206407	0.09284213979968686	967.2135967671737	0.06521127915627695	0.4296017656478512
CCL25	4	Placebo	No	0.02761768528221191	0.09182520840368921	939.2143530844467	-0.15258864262016347	0.20782401318458726
CCL25	7	Placebo	No	0.0706439958851402	0.09334394162254771	981.5248409255731	-0.11253264683723288	0.25382063860751325
CCL25	1	Anakinra	Yes	0.12803287952760287	0.12020660405807028	937.5830775934724	-0.10787226802409641	0.3639380270793021
CCL25	4	Anakinra	Yes	-0.26253880803090196	0.12252885651096326	981.4743962741761	-0.502987471397472	-0.022090144664331873
CCL25	7	Anakinra	Yes	-0.28295591723691504	0.12162639180579755	963.3725047346246	-0.5216391357366672	-0.044272698737162886
CCL25	1	Placebo	Yes	7.95591315874325e-4	0.1372533893974043	940.0175125159366	-0.2685629264334084	0.270154109065157
CCL25	4	Placebo	Yes	-0.3422081665263951	0.14158802870830883	1015.0098039632622	-0.6200469098728936	-0.06436942317989658
CCL25	7	Placebo	Yes	-0.48049825999292156	0.14151492785590103	1013.9394271580312	-0.7581939072277155	-0.20280261275812755
CX3CL1	1	Anakinra	No	0.0707883332146326	0.06157799832055338	876.3469970811641	-0.050069243914555056	0.19164591034382025
CX3CL1	4	Anakinra	No	-0.02846974795644172	0.06174570743600296	882.6306316806418	-0.1496552903476437	0.09271579443476026
CX3CL1	7	Anakinra	No	-0.08662818113856452	0.06201764557774254	894.6381556292941	-0.20834520116589633	0.03508883888876731
CX3CL1	1	Placebo	No	0.07454363705315474	0.0936317601681213	931.225242933278	-0.10921007012232202	0.2582973442286315
CX3CL1	4	Placebo	No	-0.1553559220328659	0.09267584070415467	904.8286883472424	-0.33724052850328	0.02652868443754819
CX3CL1	7	Placebo	No	-0.12927498552399272	0.09410233819783212	944.6625952186643	-0.3139487904014914	0.05539881935350596
CX3CL1	1	Anakinra	Yes	0.23970478412651336	0.1213241111487116	903.9800876504695	0.0015950913532495614	0.4778144768997772
CX3CL1	4	Anakinra	Yes	0.20403839444222618	0.12352174482206223	946.0699554002293	-0.038369897492265215	0.4464466863767176
CX3CL1	7	Anakinra	Yes	0.32792827530509605	0.12267094328016145	928.8452573911884	0.08718394116922298	0.5686726094409691
CX3CL1	1	Placebo	Yes	0.3982765817000833	0.13852069758755076	906.0960236606304	0.1264178623432578	0.6701353010569088
CX3CL1	4	Placebo	Yes	0.4901806199067901	0.14261142990268305	977.6345961743353	0.21032087937686195	0.7700403604367183
CX3CL1	7	Placebo	Yes	0.3141913250193159	0.14254182211268412	976.5759743360328	0.03446780650571507	0.5939148435329167
TNFRSF9	1	Anakinra	No	0.15255176333011358	0.056660160845649114	940.7872874329244	0.0413568346747404	0.2637466919854868
TNFRSF9	4	Anakinra	No	0.2358703069049365	0.05683511054167492	947.6121458387751	0.12433307621639825	0.34740753759347476
TNFRSF9	7	Anakinra	No	0.5692094312954165	0.05712577859666783	961.4203763505777	0.4571038321901804	0.6813150304006526
TNFRSF9	1	Placebo	No	0.09430700960765492	0.08642943162155817	1004.2373533530855	-0.07529597460399295	0.2639099938193028
TNFRSF9	4	Placebo	No	0.16452970183054216	0.08541970171934872	974.8670024910683	-0.0030979539531038325	0.3321573576141882
TNFRSF9	7	Placebo	No	0.5857029643329424	0.0869289014878997	1019.3104255327736	0.41512289964526095	0.7562830290206239
TNFRSF9	1	Anakinra	Yes	-0.10114439791730809	0.11181541772963612	972.296801280167	-0.32057173806243355	0.11828294222781738
TNFRSF9	4	Anakinra	Yes	-0.23735198712646777	0.11410582255435407	1017.5553565883066	-0.461261620968983	-0.013442353283952546
TNFRSF9	7	Anakinra	Yes	0.2775163217795025	0.11321235018057549	998.7448569950941	0.05535496426531389	0.49967767929369106
TNFRSF9	1	Placebo	Yes	-0.2723190084451092	0.12768078653267773	975.10980225337	-0.5228797559040386	-0.02175826098617989
TNFRSF9	4	Placebo	Yes	-0.04408082697191669	0.131967905120423	1052.83104159676	-0.30303085858339396	0.2148692046395606
TNFRSF9	7	Placebo	Yes	0.15059467766202425	0.13189628022823513	1051.7658969677068	-0.10821511182501362	0.4094044671490621
TWEAK	1	Anakinra	No	-0.03374169993835924	0.060315275456873735	1044.427794171667	-0.15209462143901048	0.08461122156229199
TWEAK	4	Anakinra	No	0.0028990037722576023	0.06053103263365345	1051.5438684024641	-0.11587635211401491	0.12167435965853012
TWEAK	7	Anakinra	No	0.3532488084467889	0.06090290416399366	1067.3143652492738	0.23374579258137437	0.4727518243122034
TWEAK	1	Placebo	No	-0.06208574530998542	0.09243604029699327	1117.9084810475306	-0.24345341912086124	0.1192819285008904
TWEAK	4	Placebo	No	0.12598762690657078	0.09116700800559728	1086.275794631811	-0.052895739340302145	0.3048709931534437
TWEAK	7	Placebo	No	0.4588137628043811	0.0930686153135708	1134.3463224316267	0.2762077889448441	0.641419736663918
TWEAK	1	Anakinra	Yes	-0.1146472403995726	0.11930488897941488	1080.012447969855	-0.34874287074026833	0.11944838994112313
TWEAK	4	Anakinra	Yes	-0.17019036796778247	0.12212798564780929	1126.4067819629379	-0.4098143011265555	0.06943356519099056
TWEAK	7	Anakinra	Yes	-0.05665604319965119	0.12101445770604556	1106.6874818076096	-0.29409970498388394	0.18078761858458153
TWEAK	1	Placebo	Yes	-0.5782375370486619	0.1362649285919522	1084.3762468343145	-0.8456103212373007	-0.310864752860023
TWEAK	4	Placebo	Yes	-0.30308333555277106	0.14159303240488438	1165.1207771986494	-0.5808891679378974	-0.025277503167644766
TWEAK	7	Placebo	Yes	-0.04129419593108089	0.14150667152008733	1164.172456601634	-0.3189308232529772	0.23634243139081543
CCL20	1	Anakinra	No	0.19132716848785788	0.0585485114098395	1004.2935897326779	0.0764357316358102	0.3062186053399056
CCL20	4	Anakinra	No	-0.1536693153797363	0.05874757758263383	1011.3799354221734	-0.26895041093681676	-0.03838821982265582
CCL20	7	Anakinra	No	-0.24962494901672902	0.059085939304785486	1026.5383451496655	-0.3655679646615769	-0.1336819333718811
CCL20	1	Placebo	No	0.28214177699815146	0.08957123843077955	1074.483460414564	0.10638739885782175	0.45789615513848114
CCL20	4	Placebo	No	-0.11330816661692425	0.08840875048428765	1043.3486160904904	-0.2867873786920997	0.06017104545825119
CCL20	7	Placebo	No	-0.020544143844636674	0.09014898303405065	1090.584131688299	-0.19742921270913835	0.156340925019865
CCL20	1	Anakinra	Yes	0.6006994265068735	0.11571045316208076	1038.6351015310331	0.3736465167951894	0.8277523362185575
CCL20	4	Anakinra	Yes	0.27493751206578165	0.11831536378837987	1085.1389908798856	0.04278472184083093	0.5070903022907324
CCL20	7	Anakinra	Yes	0.4423643214276076	0.11729213453993247	1065.5374954720592	0.21221453558093517	0.6725141072742801
CCL20	1	Placebo	Yes	0.7463944112748815	0.13214679599300613	1042.3312238104359	0.4870903502083507	1.0056984723414124
CCL20	4	Placebo	Yes	0.3893207531730855	0.13704781293195573	1122.8875584293517	0.12042213422711978	0.6582193721190512
CCL20	7	Placebo	Yes	0.36755918864655124	0.13696742410444354	1121.8776787873235	0.0988180378910627	0.6363003394020398
ST1A1	1	Anakinra	No	-0.2807679013268944	0.05936598231517875	1118.2756958285438	-0.3972491596038957	-0.1642866430498931
ST1A1	4	Anakinra	No	-0.005994738569492789	0.059595615304785465	1125.181081061879	-0.12292577936077385	0.11093630222178828
ST1A1	7	Anakinra	No	0.42153146640484657	0.060001363153137525	1141.5423447342312	0.30380613501877063	0.5392567977909225
ST1A1	1	Placebo	No	-0.3404802961507019	0.09126145897714744	1195.6578327776792	-0.5195307185449678	-0.16142987375643605
ST1A1	4	Placebo	No	-0.011395856537091114	0.08989340331901022	1164.379479596433	-0.1877670228557885	0.1649753097816063
ST1A1	7	Placebo	No	0.200819269414024	0.09194717880379112	1212.070207002763	0.020425974113965295	0.3812125647140827
ST1A1	1	Anakinra	Yes	-0.45205761240490416	0.11760155867684316	1154.9619412383488	-0.6827942324717675	-0.22132099233804087
ST1A1	4	Anakinra	Yes	0.013828125839304175	0.12060709476251635	1199.489162197152	-0.22279620177902124	0.25045245345762956
ST1A1	7	Anakinra	Yes	0.4270509274841494	0.11941309329577894	1180.2889041311853	0.19276531397298155	0.6613365409953172
ST1A1	1	Placebo	Yes	-0.382789386554728	0.13434655887405209	1160.7781368828882	-0.6463786478225684	-0.11920012528688767
ST1A1	4	Placebo	Yes	-0.21932275675707888	0.14005007763381827	1238.7992811593974	-0.49408431529728336	0.055438801783125574
ST1A1	7	Placebo	Yes	0.10686572114445089	0.13995970395402352	1238.0071165838176	-0.16771870683616116	0.3814501491250629
STAMBP	1	Anakinra	No	-0.004590227346706683	0.06186527387747268	1163.1159540825636	-0.1259702445586884	0.11678978986527505
STAMBP	4	Anakinra	No	-0.12688341773976292	0.062114299036049335	1169.7313225805833	-0.2487513057831412	-0.005015529696384635
STAMBP	7	Anakinra	No	0.1080554042405824	0.06256084830101191	1186.0872831285985	-0.014686857679903284	0.23079766616106806
STAMBP	1	Placebo	No	-0.09689598544410585	0.0952742379998468	1241.3958308690733	-0.2838123014932913	0.09002033060507955
STAMBP	4	Placebo	No	-0.07324880928110573	0.09377936752432493	1211.136339200826	-0.25723685978421784	0.11073924122200639
STAMBP	7	Placebo	No	0.11786883033468057	0.096026101717785	1257.383089648466	-0.07052021205379194	0.3062578727231531
STAMBP	1	Anakinra	Yes	0.021509107541851064	0.12265627439625773	1199.6789863997747	-0.21913555665323114	0.26215377173693327
STAMBP	4	Anakinra	Yes	0.10783484229823277	0.12591715509368082	1242.1072375451317	-0.1391989634415154	0.3548686480379809
STAMBP	7	Anakinra	Yes	0.15568969508689157	0.12461641547284648	1223.6627419827096	-0.08879581558914937	0.40017520576293253
STAMBP	1	Placebo	Yes	0.1901484458499772	0.14014098898620678	1206.509025104505	-0.08479866632210631	0.4650955580220607
STAMBP	4	Placebo	Yes	-0.10169410545836893	0.14634863733066342	1281.0499157406698	-0.38880342672884183	0.18541521581210396
STAMBP	7	Placebo	Yes	0.028335956002532723	0.14625168512307873	1280.373367358153	-0.2585833061014965	0.315255218106562
ADA	1	Anakinra	No	0.15808331302686374	0.061893866158521785	1097.489005344469	0.0366396329940189	0.2795269930597086
ADA	4	Anakinra	No	-0.05154396243139617	0.062128471016347234	1104.487805626788	-0.173447114377318	0.07035918951452566
ADA	7	Anakinra	No	-0.05583183252523291	0.06254014793064822	1120.7560815231645	-0.17854078758148811	0.06687712253102229
ADA	1	Placebo	No	0.03652508369053825	0.09506678534137371	1174.068404478694	-0.14999467429981633	0.22304484168089284
ADA	4	Placebo	No	-0.05731798291516228	0.09367407537712821	1142.5233676539392	-0.24111049922474675	0.12647453339442216
ADA	7	Placebo	No	-0.006085308089064739	0.09576376757157234	1190.5729636324254	-0.19396984808478965	0.18179923190666017
ADA	1	Anakinra	Yes	0.16404099924138846	0.12255947497464063	1134.0257861096459	-0.07642780933334756	0.40450980781612444
ADA	4	Anakinra	Yes	0.1656309376655791	0.12562965113511798	1179.2862286244222	-0.08085162775042348	0.4121135030815817
ADA	7	Anakinra	Yes	0.05043033884119603	0.1244123559960725	1159.8463466017124	-0.19366812399428546	0.2945288016766775
ADA	1	Placebo	Yes	0.2554798837945516	0.1400019454274831	1139.4045584002727	-0.019210679479970627	0.5301704470690738
ADA	4	Placebo	Yes	0.40293408666898595	0.14581937015642202	1218.5811061874472	0.11684922186715024	0.6890189514708216
ADA	7	Placebo	Yes	0.06648248336722595	0.1457265901775573	1217.740133515599	-0.21942055152363238	0.3523855182580843
TNFB	1	Anakinra	No	0.24747402744740202	0.05650643393333468	989.8986503942141	0.1365878726566374	0.3583601822381666
TNFB	4	Anakinra	No	0.373021316664947	0.05669476102491977	996.9489718599758	0.26176655884043676	0.4842760744894572
TNFB	7	Anakinra	No	0.4070156789055637	0.057013247845497876	1011.8410614044645	0.29513794105520985	0.5188934167559176
TNFB	1	Placebo	No	0.3007344826045165	0.08639137312749647	1058.7203583971038	0.13121670810619215	0.4702522571028409
TNFB	4	Placebo	No	0.2818039135699296	0.08529447280719248	1027.8814081510768	0.11443273764357756	0.4491750894962817
TNFB	7	Placebo	No	0.3805931917194158	0.08693594091615685	1074.640628430558	0.2100097546532683	0.5511766287855633
TNFB	1	Anakinra	Yes	0.0011580005126922976	0.11163896376154724	1023.6889897378092	-0.21790935802266875	0.22022535904805335
TNFB	4	Anakinra	Yes	-0.08171410220982422	0.11410351749631086	1070.0666983118533	-0.3056061289044272	0.1421779244847787
TNFB	7	Anakinra	Yes	-0.07754171986570599	0.11313689959976167	1050.5787060713053	-0.29954172804145984	0.14445828831004787
TNFB	1	Placebo	Yes	-0.01534492519463767	0.1274927919755058	1027.166619444173	-0.2655209954383714	0.23483114504909605
TNFB	4	Placebo	Yes	-0.2381706140929324	0.13212443137264646	1107.3569209829116	-0.49741309327013045	0.021071865084265673
TNFB	7	Placebo	Yes	-0.38736335199476096	0.13204814053258626	1106.3297076580907	-0.6464564034808298	-0.12827030050869215
CSF-1	1	Anakinra	No	0.5846696061856271	0.055991898886559935	1316.1779895346585	0.47482649019168777	0.6945127221795665
CSF-1	4	Anakinra	No	-0.09380754088893609	0.056242147617065266	1320.9519371904062	-0.2041412198197103	0.01652613804183814
CSF-1	7	Anakinra	No	-0.3500340526094591	0.05671377726915671	1334.979232946711	-0.4612918843053865	-0.2387762209135317
CSF-1	1	Placebo	No	0.5277784127344923	0.08673927229174554	1387.9720228860247	0.35762418422624953	0.6979326412427351
CSF-1	4	Placebo	No	-0.08945022887608904	0.08519866560206907	1365.5931057250984	-0.25658467882974495	0.07768422107756688
CSF-1	7	Placebo	No	-0.0520306086735312	0.0875240337215406	1400.2486522733507	-0.22372296996566327	0.11966175261860085
CSF-1	1	Anakinra	Yes	0.7074667346846435	0.1113058930147458	1347.4160777243785	0.48911505393027455	0.9258184154390124
CSF-1	4	Anakinra	Yes	-0.07836986168501714	0.11459472433965755	1378.0741034358223	-0.30316883252398763	0.14642910915395332
CSF-1	7	Anakinra	Yes	9.729463406105742e-4	0.11326629784440993	1364.4444217041669	-0.22122201871459338	0.22316791139581452
CSF-1	1	Placebo	Yes	0.8061730206356912	0.1272573751480357	1358.146509463343	0.5565306735727217	1.0558153676986608
CSF-1	4	Placebo	Yes	0.2236883041469111	0.13358024286090603	1411.7053271456962	-0.03834882238978621	0.4857254306836084
CSF-1	7	Placebo	Yes	0.06888046361507272	0.13348683588694454	1411.4787534398947	-0.19297346758888356	0.330734394819029
