Assay	contrast	Day	estimate	SE	df	t.ratio	p.value	adj.p.value
MCP-3	No - Yes	1	-0.4651131620454878	0.0954804721587576	1079.3890223851242	-4.87129097217003	1.2743538212216642e-6	1.1187259071581794e-5
MCP-3	No - Yes	4	-0.8059485863777586	0.09758793162856995	1125.9489740720749	-8.258691140675925	4.0933980140447967e-16	3.888728113342557e-15
MCP-3	No - Yes	7	-0.8754148683563434	0.09750481909772998	1124.7793681846115	-8.978170273603677	1.1311486433226991e-18	1.0745912111565642e-17
CD244	No - Yes	1	0.26191395195941775	0.09693501990670843	1046.5546107423138	2.701953867771289	0.007004806924898129	0.016636416446633058
CD244	No - Yes	4	0.4939858419169417	0.09898769781330434	1092.8933596329023	4.990376105610854	7.007350645704928e-7	1.9019951752627663e-6
CD244	No - Yes	7	0.742093562605096	0.09890564128397109	1091.643730827606	7.503045862413933	1.289590426244393e-13	6.125554524660866e-13
IL6	No - Yes	1	-0.4620608716058214	0.09156181496871056	1140.6099344302243	-5.046436353011586	5.234655097989714e-7	9.945844686180456e-6
IL6	No - Yes	4	-0.7760865837109385	0.09372570463005815	1186.474498721588	-8.280402764366574	3.277074420397389e-16	3.888728113342557e-15
IL6	No - Yes	7	-0.9604712781793088	0.09364255240034103	1185.4893149893119	-10.25678234477311	1.0433020366361556e-23	1.9822738696086957e-22
MCP-1	No - Yes	1	-0.4145014030708404	0.10057143887074696	1250.03912942663	-4.121462392554132	4.012778507532953e-5	1.9060697910781526e-4
MCP-1	No - Yes	4	-0.7507842070829036	0.10319860858122483	1291.1011125952068	-7.275138855113358	5.985996671500972e-13	2.8433484189629615e-12
MCP-1	No - Yes	7	-0.5424178789089329	0.10310253182108632	1290.5228706774249	-5.2609559564472175	1.6763186825107327e-7	3.1530795360897224e-7
CD6	No - Yes	1	0.17343732247955437	0.0998613389149195	1062.0346123628672	1.7367814648201405	0.08271570094297642	0.12089217830127323
CD6	No - Yes	4	0.273618061869951	0.10201873429024584	1108.529433784162	2.6820374098300497	0.007426287389903751	0.010745696436526108
CD6	No - Yes	7	0.6576488133928771	0.10193303850117758	1107.3156973355306	6.451772880146996	1.6490579821546617e-10	5.310678916040519e-10
SCF	No - Yes	1	0.13263962373986377	0.09903036164127141	968.7903431823232	1.3393834127390032	0.18076001531517383	0.21465251818676892
SCF	No - Yes	4	0.35475290560498435	0.10089811330962584	1012.9471185127509	3.5159518247517156	4.575842570613105e-4	7.245084070137416e-4
SCF	No - Yes	7	0.4643290020778791	0.10082107138336284	1011.5736047491445	4.605475777105272	4.639224933999906e-6	6.296090981857016e-6
TGF-alpha	No - Yes	1	0.10508767212439062	0.10372355772723682	1161.4894599196145	1.0131514424210266	0.31119883353405453	0.3478104610086492
TGF-alpha	No - Yes	4	-0.10222340692663913	0.1062270065809129	1206.7884255248507	-0.9623109058314259	0.33608622927334275	0.3547576864551951
TGF-alpha	No - Yes	7	-0.24385108210747244	0.10613167705916046	1205.874771786992	-2.2976277098829194	0.021753568228872526	0.024312811549916352
MCP-4	No - Yes	1	0.25135675216865166	0.10035600785579957	877.7791224620224	2.504650768191411	0.012437522080247534	0.02625699105830035
MCP-4	No - Yes	4	-0.05952958362414511	0.10193488388403013	916.4384828401072	-0.5839961881142777	0.5593665890498344	0.5593665890498344
MCP-4	No - Yes	7	0.08271129081710238	0.10186738110396211	915.0620904335238	0.8119506943315866	0.41703108616794926	0.4401994798439465
LIF-R	No - Yes	1	-0.30302707908269144	0.100489887115513	1094.1811525361595	-3.0154982534149153	0.002624767057895966	0.00831176235000389
LIF-R	No - Yes	4	-0.1984697361274899	0.10274708204200704	1140.7050384835536	-1.9316337961436965	0.05365218114666729	0.05996420245803991
LIF-R	No - Yes	7	0.07555792289049226	0.10265861289283151	1139.5760927007782	0.7360115314374012	0.46187514721054657	0.46187514721054657
PD-L1	No - Yes	1	-0.4684548858391989	0.09743878107022245	979.5343547061145	-4.807684175580887	1.7664093270918622e-6	1.1187259071581794e-5
PD-L1	No - Yes	4	-0.7330958737306787	0.0993094078160085	1024.1312571001777	-7.3819378229391175	3.22378963248115e-13	2.041733433904728e-12
PD-L1	No - Yes	7	-0.593134224665654	0.09923257692244945	1022.7687631734414	-5.977212756746105	3.1318226798975e-9	7.438078864756563e-9
TRANCE	No - Yes	1	0.3523820994176393	0.09272492596619973	1186.6864444875607	3.80029529002903	1.518581412398565e-4	5.770609367114547e-4
TRANCE	No - Yes	4	0.44188220383644217	0.09501746404590593	1231.0816451574615	4.6505367015789325	3.667888442722908e-6	8.711235051466907e-6
TRANCE	No - Yes	7	0.7533840254944155	0.0949311359881486	1230.258929823824	7.9361109255921	4.663199246568042e-15	2.9533595228264266e-14
HGF	No - Yes	1	-0.20117377233876493	0.10270208296759445	1202.6004692717768	-1.9588090769516449	0.050365972909219445	0.09263216727512026
HGF	No - Yes	4	-0.48604882682344464	0.10527845068220067	1246.3007030323918	-4.616793120281171	4.300314816609426e-6	9.0784423906199e-6
HGF	No - Yes	7	-0.5517819158538394	0.1051821289985752	1245.5376057070005	-5.245966411854184	1.8254670998414183e-7	3.1530795360897224e-7
IL-12B	No - Yes	1	-0.12933738469083278	0.08385503279268504	1145.6374658854565	-1.5423926314666627	0.12325436984132115	0.1561222017990068
IL-12B	No - Yes	4	0.18954273998161997	0.08584704618226151	1191.3810626357158	2.207912192799302	0.027440345268237864	0.03258541000603246
IL-12B	No - Yes	7	0.40996473951914036	0.08577066516439102	1190.4127524152873	4.779778013069944	1.9738555780817466e-6	3.1252713319627654e-6
CD5	No - Yes	1	0.17553164258057438	0.09821074422215399	1148.1287244930716	1.7872957177019198	0.07415341491577696	0.11740957361664683
CD5	No - Yes	4	0.23523686965515614	0.10054970728327796	1193.8087988306524	2.3395082493122037	0.019473306838180677	0.024666188661695523
CD5	No - Yes	7	0.5384111366427766	0.10046011992860378	1192.8489345864823	5.3594514621864	1.0013014354736574e-7	2.1138585859999436e-7
Flt3L	No - Yes	1	0.030186095429027393	0.09717241154232119	1218.576118838332	0.3106447082038356	0.7561238600734288	0.7561238600734288
Flt3L	No - Yes	4	0.26503438061436985	0.09964464559751623	1261.482404024131	2.6597955065733725	0.00791788158480871	0.010745696436526108
Flt3L	No - Yes	7	0.4482921130154097	0.09955289089242442	1260.7805443610828	4.503054697827193	7.318226916086273e-6	9.269754093709279e-6
DNER	No - Yes	1	0.07310142285973086	0.09842234183339871	1041.918411676934	0.7427320006617092	0.45781136880136997	0.4832453337347794
DNER	No - Yes	4	0.3651870763264764	0.10049370115874781	1088.1924318744473	3.633930008703709	2.9216929889136473e-4	5.046560617214482e-4
DNER	No - Yes	7	0.630028141002193	0.10041074067129023	1086.9327212511646	6.274509447795884	5.056050953755739e-10	1.3723566874479862e-9
EN-RAGE	No - Yes	1	-0.19588107065013582	0.10140377511462383	1217.3252568317034	-1.9316940659134008	0.053629149475069623	0.09263216727512026
EN-RAGE	No - Yes	4	-0.6550645789870042	0.1039808626781453	1260.2971796452387	-6.299857128658789	4.1084306178693164e-10	1.5612036347903402e-9
EN-RAGE	No - Yes	7	-0.45370469680225045	0.1038851612364376	1259.5904811732653	-4.367367691422652	1.360718349290505e-5	1.6158530397824745e-5
CCL25	No - Yes	1	0.1637625513213405	0.10207824072244596	986.3610294793451	1.6042846169989955	0.10897144968266008	0.1478898245693244
CCL25	No - Yes	4	0.4059060393550291	0.10405951293242369	1031.2145237908608	3.9007105445383425	1.021216960246488e-4	1.940312224468327e-4
CCL25	No - Yes	7	0.48199839818398693	0.10397835922510036	1029.8601056481816	4.63556457109041	4.016322383856455e-6	5.870009637944049e-6
TNFB	No - Yes	1	0.28119771736693194	0.09510209058084146	1081.3112567228281	2.9567984851805127	0.0031760301670131063	0.008620653310464146
TNFB	No - Yes	4	0.4873549732688166	0.0972060606617836	1127.8712840351382	5.013627442063593	6.198667685575041e-7	1.9019951752627663e-6
TNFB	No - Yes	7	0.6262569712427233	0.09712315212961233	1126.7068078124616	6.448070902877759	1.677056499802269e-10	5.310678916040519e-10
