Assay	term	Day1	TR1	SRF1	Day2	TR2	SRF2	null.value	estimate	std.error	df	statistic	p.value	adj.p.value	Day	group1	group2	emmean1	emmean2	x1	x2	x_center	y_position	label	x_offset	x_pos
CD8A	Day*Allocation*srf14	Day4	Anakinra	No	Day4	Anakinra	Yes	0	0.3275318017054513	0.1313371026472319	1124.120336355761	2.4938253936147303	0.01278031670706538	0.03077343007805447	4	Anakinra.No	Anakinra.Yes	0.045002196849136394	-0.28252960485631495	1	3	2	0.2450021968491364	*	-0.15	1.85
CD8A	Day*Allocation*srf14	Day7	Anakinra	No	Day7	Anakinra	Yes	0	0.2891981925257928	0.1296194553161694	1093.8146172878746	2.2311326013550743	0.025874430371946325	0.04685369824109199	7	Anakinra.No	Anakinra.Yes	0.057353525037938974	-0.23184466748785382	1	3	2	0.25735352503793896	*	-0.15	2.85
MCP-3	Day*Allocation*srf14	Day1	Anakinra	No	Day1	Anakinra	Yes	0	-0.3241293429744453	0.1215284641630276	988.2732772629661	-2.6671063870241407	0.007775807382500327	0.040075314971347836	1	Anakinra.No	Anakinra.Yes	0.19392772660587734	0.5180570695803226	1	3	2	0.7180570695803226	*	-0.15	0.85
MCP-3	Day*Allocation*srf14	Day4	Anakinra	No	Day4	Anakinra	Yes	0	-0.6790766775861921	0.1236232429497982	1022.9316820018976	-5.49311489799662	4.9831279426960236e-8	1.1128985738687786e-6	4	Anakinra.No	Anakinra.Yes	-0.28499278152602	0.3940838960601721	1	3	2	0.5940838960601721	***	-0.15	1.85
MCP-3	Day*Allocation*srf14	Day7	Anakinra	No	Day7	Anakinra	Yes	0	-1.074360677501887	0.12325722135380772	1016.6764115592717	-8.716411628475328	1.150878725518978e-17	3.8554437304885767e-16	7	Anakinra.No	Anakinra.Yes	-0.5981281573860087	0.4762325201158785	1	3	2	0.6762325201158785	***	-0.15	2.85
CD244	Day*Allocation*srf14	Day4	Anakinra	No	Day4	Anakinra	Yes	0	0.5514696618705646	0.1252148661669846	1076.2759128000846	4.404186809057745	1.1677794169801544e-5	9.780152617208794e-5	4	Anakinra.No	Anakinra.Yes	0.15046386323714953	-0.4010057986334151	1	3	2	0.3504638632371495	***	-0.15	1.85
CD244	Day*Allocation*srf14	Day7	Anakinra	No	Day7	Anakinra	Yes	0	0.6823774237941351	0.12452166786051054	1063.0950280317738	5.479989430903992	5.3103123905482415e-8	5.08272757381046e-7	7	Anakinra.No	Anakinra.Yes	0.43919433753322107	-0.243183086260914	1	3	2	0.6391943375332211	***	-0.15	2.85
OPG	Day*Allocation*srf14	Day1	Anakinra	No	Day1	Anakinra	Yes	0	-0.3194076709754439	0.12239800474186746	1024.5621300555272	-2.6095823346880698	0.009197450189572727	0.044016368764383765	1	Anakinra.No	Anakinra.Yes	0.35399729642474254	0.6734049674001865	1	3	2	0.8734049674001865	*	-0.15	0.85
OPG	Day*Allocation*srf14	Day4	Anakinra	No	Day4	Anakinra	Yes	0	-0.45763115427410395	0.12473969550793487	1066.8772074426217	-3.6686890440981825	2.558411832815169e-4	9.522977377700907e-4	4	Anakinra.No	Anakinra.Yes	-0.06924973061906928	0.38838142365503464	1	3	2	0.5883814236550347	***	-0.15	1.85
OPG	Day*Allocation*srf14	Day7	Anakinra	No	Day7	Anakinra	Yes	0	-0.6400948225023726	0.12405831974922343	1053.7688609952813	-5.159628340898752	2.95545550959235e-7	1.9801551914268744e-6	7	Anakinra.No	Anakinra.Yes	-0.3478821120309967	0.29221271047137587	1	3	2	0.4922127104713759	***	-0.15	2.85
uPA	Day*Allocation*srf14	Day4	Anakinra	No	Day4	Anakinra	Yes	0	-0.3167017914469457	0.12806475653953267	1210.906448412488	-2.472981638388405	0.013535570058716933	0.03077343007805447	4	Anakinra.No	Anakinra.Yes	-0.1487104231843311	0.1679913682626146	1	3	2	0.3679913682626146	*	-0.15	1.85
uPA	Day*Allocation*srf14	Day7	Anakinra	No	Day7	Anakinra	Yes	0	-0.3187005993721188	0.12722957974515298	1197.7386432998035	-2.504925348417338	0.012379699996849841	0.02858763807792226	7	Anakinra.No	Anakinra.Yes	-0.13640870164114588	0.1822918977309729	1	3	2	0.38229189773097294	*	-0.15	2.85
IL6	Day*Allocation*srf14	Day1	Anakinra	No	Day1	Anakinra	Yes	0	-0.50012897064369	0.11482747947639621	1127.2482216655787	-4.355481570476306	1.448603747807567e-5	8.090277116271063e-4	1	Anakinra.No	Anakinra.Yes	0.32166308040481023	0.8217920510485002	1	3	2	1.0217920510485001	***	-0.15	0.85
IL6	Day*Allocation*srf14	Day4	Anakinra	No	Day4	Anakinra	Yes	0	-0.723407668473311	0.11731648535215967	1169.5331068043704	-6.166291687837321	9.611425742188996e-10	3.2198276236333134e-8	4	Anakinra.No	Anakinra.Yes	-0.23751034327940265	0.48589732519390827	1	3	2	0.6858973251939082	***	-0.15	1.85
IL6	Day*Allocation*srf14	Day7	Anakinra	No	Day7	Anakinra	Yes	0	-1.1149333469342966	0.11661531560019427	1156.7575829766865	-9.560779741459957	6.751211154516869e-21	4.523311473526302e-19	7	Anakinra.No	Anakinra.Yes	-0.669297719381737	0.44563562755255953	1	3	2	0.6456356275525595	***	-0.15	2.85
MCP-1	Day*Allocation*srf14	Day4	Anakinra	No	Day4	Anakinra	Yes	0	-0.45211740588997507	0.12836776853812554	1292.9209485908868	-3.5220477152385423	4.431366013544779e-4	0.001383973674976756	4	Anakinra.No	Anakinra.Yes	-0.08848725455381808	0.363630151336157	1	3	2	0.563630151336157	**	-0.15	1.85
MCP-1	Day*Allocation*srf14	Day7	Anakinra	No	Day7	Anakinra	Yes	0	-0.6761094808979917	0.12746022159956708	1280.8203813285388	-5.304474387484418	1.3300558944654871e-7	1.1139218116148454e-6	7	Anakinra.No	Anakinra.Yes	-0.07470916302440658	0.6014003178735852	1	3	2	0.8014003178735851	***	-0.15	2.85
TRAIL	Day*Allocation*srf14	Day4	Anakinra	No	Day4	Anakinra	Yes	0	0.5098357898169716	0.12815725140195405	1230.4615247307647	3.9782047776439593	7.348937971761061e-5	4.4761713100726464e-4	4	Anakinra.No	Anakinra.Yes	0.22485615485535976	-0.28497963496161194	1	3	2	0.42485615485535977	***	-0.15	1.85
TRAIL	Day*Allocation*srf14	Day7	Anakinra	No	Day7	Anakinra	Yes	0	0.5557704871011213	0.12730432610470838	1217.4707909554918	4.365684215978628	1.3747861720264867e-5	7.085436425059585e-5	7	Anakinra.No	Anakinra.Yes	0.3995643284499435	-0.15620615865117787	1	3	2	0.5995643284499435	***	-0.15	2.85
CXCL9	Day*Allocation*srf14	Day1	Anakinra	No	Day1	Anakinra	Yes	0	-0.4997552550560328	0.12656157887898892	1079.3665131608032	-3.94871223543972	8.36648758232587e-5	0.0018685155600527777	1	Anakinra.No	Anakinra.Yes	0.005058160552206911	0.5048134156082397	1	3	2	0.7048134156082397	**	-0.15	0.85
CXCL9	Day*Allocation*srf14	Day4	Anakinra	No	Day4	Anakinra	Yes	0	-0.35225956004577264	0.12916048217806725	1122.1452554380444	-2.7273013704000393	0.006485048768078126	0.017379930698449376	4	Anakinra.No	Anakinra.Yes	-0.11012091305765671	0.24213864698811594	1	3	2	0.44213864698811595	*	-0.15	1.85
CXCL9	Day*Allocation*srf14	Day7	Anakinra	No	Day7	Anakinra	Yes	0	-0.6656784082030326	0.12840027032023574	1108.7426917948526	-5.184400364133209	2.574113384355581e-7	1.9162844083535994e-6	7	Anakinra.No	Anakinra.Yes	-0.018714632920552206	0.6469637752824804	1	3	2	0.8469637752824803	***	-0.15	2.85
CST5	Day*Allocation*srf14	Day4	Anakinra	No	Day4	Anakinra	Yes	0	0.48967570957588136	0.12943519222002198	908.86798257536	3.783172885033463	1.6497663346976764e-4	6.981221631963053e-4	4	Anakinra.No	Anakinra.Yes	0.012191588976356832	-0.4774841205995245	1	3	2	0.21219158897635684	***	-0.15	1.85
CST5	Day*Allocation*srf14	Day7	Anakinra	No	Day7	Anakinra	Yes	0	0.41416415601219825	0.12890483354411852	898.229733664564	3.212945121025643	0.001360605980972395	0.003963504379354369	7	Anakinra.No	Anakinra.Yes	0.2309645405378278	-0.18319961547437047	1	3	2	0.43096454053782784	**	-0.15	2.85
CD6	Day*Allocation*srf14	Day7	Anakinra	No	Day7	Anakinra	Yes	0	0.45962084453858665	0.12785824759463907	1081.7585162356277	3.5947688411604504	3.3931323695433766e-4	0.0011965256250495064	7	Anakinra.No	Anakinra.Yes	0.3523290587037548	-0.10729178583483184	1	3	2	0.5523290587037548	**	-0.15	2.85
SCF	Day*Allocation*srf14	Day4	Anakinra	No	Day4	Anakinra	Yes	0	0.311689496580903	0.1257968795250832	1013.0771325781564	2.4777204153045296	0.013384590089380602	0.03077343007805447	4	Anakinra.No	Anakinra.Yes	0.032839659658256526	-0.2788498369226465	1	3	2	0.23283965965825654	*	-0.15	1.85
SCF	Day*Allocation*srf14	Day7	Anakinra	No	Day7	Anakinra	Yes	0	0.3050066673071844	0.12516463693544344	1000.5529719010739	2.4368437825174105	0.014989520946315879	0.030433269800095874	7	Anakinra.No	Anakinra.Yes	0.05544185230458998	-0.2495648150025944	1	3	2	0.25544185230459	*	-0.15	2.85
SLAMF1	Day*Allocation*srf14	Day1	Anakinra	No	Day1	Anakinra	Yes	0	0.37734935360454386	0.1309440771502057	1060.9617563434376	2.881759616906438	0.004034302486885821	0.027029826662135	1	Anakinra.No	Anakinra.Yes	0.2892483292408732	-0.08810102436367068	1	3	2	0.4892483292408732	*	-0.15	0.85
SLAMF1	Day*Allocation*srf14	Day4	Anakinra	No	Day4	Anakinra	Yes	0	0.5042049108512727	0.13382688361956813	1107.435179395417	3.767590615683649	1.7351183179824733e-4	6.981221631963053e-4	4	Anakinra.No	Anakinra.Yes	0.09349781982597147	-0.41070709102530134	1	3	2	0.29349781982597145	***	-0.15	1.85
MCP-4	Day*Allocation*srf14	Day1	Anakinra	No	Day1	Anakinra	Yes	0	0.40723475300676015	0.12385537984138877	889.5388673189836	3.2879859843655694	0.001048639868116432	0.011709811860633489	1	Anakinra.No	Anakinra.Yes	-0.17290024548603813	-0.5801349984927983	1	3	2	0.027099754513961877	*	-0.15	0.85
CCL11	Day*Allocation*srf14	Day4	Anakinra	No	Day4	Anakinra	Yes	0	0.5173565735557089	0.12799735209854582	1089.367917996787	4.041931845257184	5.67393177734925e-5	3.8015342908239976e-4	4	Anakinra.No	Anakinra.Yes	0.13437085372655902	-0.3829857198291498	1	3	2	0.33437085372655906	***	-0.15	1.85
CCL11	Day*Allocation*srf14	Day7	Anakinra	No	Day7	Anakinra	Yes	0	0.4794910854675729	0.12727576302755544	1076.1011388878046	3.7673400972953677	1.7394127355363964e-4	6.47448073782992e-4	7	Anakinra.No	Anakinra.Yes	0.32137908238456464	-0.1581120030830083	1	3	2	0.5213790823845647	***	-0.15	2.85
IL-10RB	Day*Allocation*srf14	Day4	Anakinra	No	Day4	Anakinra	Yes	0	0.3161311422066021	0.12812470074721422	990.3379425935115	2.4673707752131135	0.013779147796143792	0.03077343007805447	4	Anakinra.No	Anakinra.Yes	0.061020971113782324	-0.25511017109281975	1	3	2	0.2610209711137823	*	-0.15	1.85
IL-18R1	Day*Allocation*srf14	Day1	Anakinra	No	Day1	Anakinra	Yes	0	-0.3360291544222386	0.11896132616521228	923.9064890731316	-2.8246924042824193	0.00483448556340872	0.02944641206803493	1	Anakinra.No	Anakinra.Yes	0.3318761106404257	0.6679052650626643	1	3	2	0.8679052650626644	*	-0.15	0.85
IL-18R1	Day*Allocation*srf14	Day4	Anakinra	No	Day4	Anakinra	Yes	0	-0.4713750530459908	0.12088793140819898	962.5711301763308	-3.899273050295745	1.0317628185446581e-4	5.76067573687434e-4	4	Anakinra.No	Anakinra.Yes	-0.32724208169369545	0.14413297135229536	1	3	2	0.34413297135229537	***	-0.15	1.85
IL-18R1	Day*Allocation*srf14	Day7	Anakinra	No	Day7	Anakinra	Yes	0	-0.48406428272910085	0.12033294305905913	950.8433493201917	-4.022707917079059	6.209703894568892e-5	2.679305634110355e-4	7	Anakinra.No	Anakinra.Yes	-0.5455071531270949	-0.06144287039799408	1	3	2	0.13855712960200595	***	-0.15	2.85
PD-L1	Day*Allocation*srf14	Day1	Anakinra	No	Day1	Anakinra	Yes	0	-0.38348204973384103	0.12137374936035902	985.2788866287259	-3.1595139126441723	0.0016284855513072352	0.014385994067350716	1	Anakinra.No	Anakinra.Yes	0.2597307216989415	0.6432127714327825	1	3	2	0.8432127714327826	*	-0.15	0.85
PD-L1	Day*Allocation*srf14	Day4	Anakinra	No	Day4	Anakinra	Yes	0	-0.6404830153743875	0.12356408815622885	1026.6020354528891	-5.183407452208846	2.6227806619221604e-7	3.514526086975695e-6	4	Anakinra.No	Anakinra.Yes	-0.1515192894357102	0.4889637259386772	1	3	2	0.6889637259386772	***	-0.15	1.85
PD-L1	Day*Allocation*srf14	Day7	Anakinra	No	Day7	Anakinra	Yes	0	-0.6886815532517467	0.12292920533634459	1013.9045690573422	-5.602261491624032	2.7248971302951007e-8	3.0428017954961955e-7	7	Anakinra.No	Anakinra.Yes	-0.38642908976558255	0.30225246348616414	1	3	2	0.5022524634861641	***	-0.15	2.85
CXCL5	Day*Allocation*srf14	Day7	Anakinra	No	Day7	Anakinra	Yes	0	0.35790776331128415	0.12992161937704447	1013.8129176048853	2.754797585093232	0.0059780017867875354	0.014304504275527317	7	Anakinra.No	Anakinra.Yes	0.3071883628138735	-0.05071940049741064	1	3	2	0.5071883628138736	*	-0.15	2.85
TRANCE	Day*Allocation*srf14	Day4	Anakinra	No	Day4	Anakinra	Yes	0	0.6501193323959605	0.12436672648627745	1114.812948609949	5.227437842610534	2.0509425885371062e-7	3.435328835799653e-6	4	Anakinra.No	Anakinra.Yes	0.21397245100471418	-0.43614688139124635	1	3	2	0.4139724510047142	***	-0.15	1.85
TRANCE	Day*Allocation*srf14	Day7	Anakinra	No	Day7	Anakinra	Yes	0	0.9042000111226474	0.124954110660436	1125.2090518128377	7.2362566252807765	8.518451432468402e-13	1.9024541532512764e-11	7	Anakinra.No	Anakinra.Yes	0.6301423210869734	-0.2740576900356739	1	3	2	0.8301423210869734	***	-0.15	2.85
HGF	Day*Allocation*srf14	Day4	Anakinra	No	Day4	Anakinra	Yes	0	-0.4971131688091779	0.13014599126711285	1257.7265208991137	-3.819657939282188	1.4015553464696227e-4	6.707443443818909e-4	4	Anakinra.No	Anakinra.Yes	-0.22177723101970429	0.2753359377894736	1	3	2	0.4753359377894736	***	-0.15	1.85
HGF	Day*Allocation*srf14	Day7	Anakinra	No	Day7	Anakinra	Yes	0	-0.6047183182085853	0.12925598243479133	1245.0624245130302	-4.678455161745888	3.2061180491007904e-6	1.9528173571795724e-5	7	Anakinra.No	Anakinra.Yes	-0.14117074311692665	0.4635475750916588	1	3	2	0.6635475750916588	***	-0.15	2.85
IL-12B	Day*Allocation*srf14	Day4	Anakinra	No	Day4	Anakinra	Yes	0	0.33585436198535656	0.10697254975251541	1189.256355886243	3.139631267669761	0.0017332655113253361	0.005049077793860762	4	Anakinra.No	Anakinra.Yes	0.16091276831410672	-0.17494159367124987	1	3	2	0.36091276831410674	**	-0.15	1.85
IL-12B	Day*Allocation*srf14	Day7	Anakinra	No	Day7	Anakinra	Yes	0	0.464282555461656	0.10587312523384171	1166.8964599532983	4.385272980618984	1.2629332492522842e-5	7.051377308325253e-5	7	Anakinra.No	Anakinra.Yes	0.09445236267525126	-0.3698301927864047	1	3	2	0.29445236267525127	***	-0.15	2.85
IL10	Day*Allocation*srf14	Day1	Anakinra	No	Day1	Anakinra	Yes	0	-0.4224064845575357	0.1180188414191649	1096.63265974487	-3.5791444779336885	3.5979200592442783e-4	0.006026516099234166	1	Anakinra.No	Anakinra.Yes	0.48576324382720576	0.9081697283847414	1	3	2	1.1081697283847414	**	-0.15	0.85
IL10	Day*Allocation*srf14	Day4	Anakinra	No	Day4	Anakinra	Yes	0	-0.51677592889829	0.12210782854361674	1166.4857646247226	-4.232127743666315	2.496525909766251e-5	1.858524843937098e-4	4	Anakinra.No	Anakinra.Yes	-0.28128973837714594	0.2354861905211441	1	3	2	0.4354861905211441	***	-0.15	1.85
IL10	Day*Allocation*srf14	Day7	Anakinra	No	Day7	Anakinra	Yes	0	-0.3562888819872647	0.121505268785298	1156.4091047488587	-2.9322916244630806	0.0034309661881009915	0.008671770689929763	7	Anakinra.No	Anakinra.Yes	-0.47180199146636265	-0.11551310947909796	1	3	2	0.08448689052090205	**	-0.15	2.85
CCL23	Day*Allocation*srf14	Day1	Anakinra	No	Day1	Anakinra	Yes	0	-0.37327526105934716	0.12421392945272305	1058.2414645143501	-3.005099852359305	0.0027174840705382654	0.020230159191784863	1	Anakinra.No	Anakinra.Yes	0.3284231822004413	0.7016984432597885	1	3	2	0.9016984432597885	*	-0.15	0.85
CCL23	Day*Allocation*srf14	Day4	Anakinra	No	Day4	Anakinra	Yes	0	-0.3455937156002575	0.12669923719958673	1100.9679123400906	-2.7276700573646764	0.006479775398383186	0.017379930698449376	4	Anakinra.No	Anakinra.Yes	-0.17304659094977715	0.17254712465048036	1	3	2	0.37254712465048034	*	-0.15	1.85
CCL23	Day*Allocation*srf14	Day7	Anakinra	No	Day7	Anakinra	Yes	0	-0.31410260051514965	0.12597371790485667	1087.6399881196392	-2.4933978748835517	0.012800434960263698	0.02858763807792226	7	Anakinra.No	Anakinra.Yes	-0.34770451656726087	-0.0336019160521112	1	3	2	0.1663980839478888	*	-0.15	2.85
CD5	Day*Allocation*srf14	Day7	Anakinra	No	Day7	Anakinra	Yes	0	0.4530228462075403	0.12952124647716728	1065.900629839141	3.497672069480907	4.88689036246183e-4	0.001637108271424713	7	Anakinra.No	Anakinra.Yes	0.5240488003828427	0.07102595417530236	1	3	2	0.7240488003828427	**	-0.15	2.85
Flt3L	Day*Allocation*srf14	Day4	Anakinra	No	Day4	Anakinra	Yes	0	0.6251529836212427	0.12466163788043268	1255.979006021043	5.014798411527761	6.070113378699597e-7	6.778293272881217e-6	4	Anakinra.No	Anakinra.Yes	0.29037396278338423	-0.3347790208378585	1	3	2	0.49037396278338424	***	-0.15	1.85
Flt3L	Day*Allocation*srf14	Day7	Anakinra	No	Day7	Anakinra	Yes	0	0.3688803905270641	0.12381058447415579	1243.2911380081844	2.979393014690632	0.002944264770602947	0.007890629585215898	7	Anakinra.No	Anakinra.Yes	0.5173832222102952	0.14850283168323114	1	3	2	0.7173832222102952	**	-0.15	2.85
CXCL6	Day*Allocation*srf14	Day7	Anakinra	No	Day7	Anakinra	Yes	0	0.3215621417856758	0.129607814911126	1099.804940954411	2.4810397583369164	0.013248603057039276	0.028634077574891337	7	Anakinra.No	Anakinra.Yes	0.26093393729636777	-0.060628204489308016	1	3	2	0.4609339372963678	*	-0.15	2.85
CXCL10	Day*Allocation*srf14	Day1	Anakinra	No	Day1	Anakinra	Yes	0	-0.46256327701107475	0.10908753746523414	1127.5337753220053	-4.2402944255524355	2.4150080944092728e-5	8.090277116271063e-4	1	Anakinra.No	Anakinra.Yes	0.569196305177372	1.0317595821884467	1	3	2	1.2317595821884466	***	-0.15	0.85
CXCL10	Day*Allocation*srf14	Day4	Anakinra	No	Day4	Anakinra	Yes	0	-0.504603450750143	0.11145185194002773	1169.8433322546532	-4.527546576988871	6.577008962437101e-6	6.295137149761226e-5	4	Anakinra.No	Anakinra.Yes	-0.21862247403321583	0.2859809767169272	1	3	2	0.4859809767169272	***	-0.15	1.85
CXCL10	Day*Allocation*srf14	Day7	Anakinra	No	Day7	Anakinra	Yes	0	-0.6902677737756332	0.11075710951351422	1156.4538467801458	-6.232266053236149	6.429073700118307e-10	1.0768698447698164e-8	7	Anakinra.No	Anakinra.Yes	-0.6343511757686618	0.055916598006971394	1	3	2	0.2559165980069714	***	-0.15	2.85
DNER	Day*Allocation*srf14	Day4	Anakinra	No	Day4	Anakinra	Yes	0	0.44800023908893166	0.12737419429142918	1069.0598009149473	3.5171978247329876	4.544391171565468e-4	0.001383973674976756	4	Anakinra.No	Anakinra.Yes	0.08207455791799219	-0.36592568117093943	1	3	2	0.2820745579179922	**	-0.15	1.85
DNER	Day*Allocation*srf14	Day7	Anakinra	No	Day7	Anakinra	Yes	0	0.48745238703066995	0.12667624000603955	1055.933806485308	3.848017489368406	1.2621867667707303e-4	4.974500786684643e-4	7	Anakinra.No	Anakinra.Yes	0.40703420201899987	-0.08041818501167004	1	3	2	0.6070342020189998	***	-0.15	2.85
EN-RAGE	Day*Allocation*srf14	Day1	Anakinra	No	Day1	Anakinra	Yes	0	-0.3511706037385543	0.12577325630696565	1230.8048308231728	-2.7920928029523044	0.005317864673806922	0.02969141109542198	1	Anakinra.No	Anakinra.Yes	-0.21682175290610017	0.13434885083245413	1	3	2	0.33434885083245414	*	-0.15	0.85
EN-RAGE	Day*Allocation*srf14	Day4	Anakinra	No	Day4	Anakinra	Yes	0	-0.876534747717576	0.12877512942111238	1269.3993457517581	-6.806708342347588	1.535827824250212e-11	1.029004642247642e-9	4	Anakinra.No	Anakinra.Yes	-0.29153253293137193	0.5850022147862042	1	3	2	0.7850022147862041	***	-0.15	1.85
EN-RAGE	Day*Allocation*srf14	Day7	Anakinra	No	Day7	Anakinra	Yes	0	-0.5300119675671188	0.12788453447748313	1256.9041549273395	-4.144457105252543	3.634246927153853e-5	1.739246743709344e-4	7	Anakinra.No	Anakinra.Yes	0.022916710926584108	0.5529286784937029	1	3	2	0.7529286784937028	***	-0.15	2.85
CD40	Day*Allocation*srf14	Day7	Anakinra	No	Day7	Anakinra	Yes	0	-0.2965375231159932	0.12967779247868405	1151.7203649321202	-2.2867255637833046	0.022392651352858266	0.041675212240041774	7	Anakinra.No	Anakinra.Yes	0.21552274676105104	0.5120602698770442	1	3	2	0.7120602698770442	*	-0.15	2.85
IFN-gamma	Day*Allocation*srf14	Day7	Anakinra	No	Day7	Anakinra	Yes	0	-0.28209949277790936	0.11729138555259244	1289.7348875132318	-2.4051168928464777	0.01630743955286063	0.03213524853063712	7	Anakinra.No	Anakinra.Yes	-0.2803810953403457	0.0017183974375636207	1	3	2	0.20171839743756365	*	-0.15	2.85
MCP-2	Day*Allocation*srf14	Day1	Anakinra	No	Day1	Anakinra	Yes	0	-0.35961862403862105	0.11437599992396416	941.3050498385486	-3.1441790609716316	0.0017177306349075482	0.014385994067350716	1	Anakinra.No	Anakinra.Yes	0.5479278357848175	0.9075464598234386	1	3	2	1.1075464598234386	*	-0.15	0.85
MCP-2	Day*Allocation*srf14	Day4	Anakinra	No	Day4	Anakinra	Yes	0	-0.31481728684578303	0.11629074448867095	980.8608479668408	-2.707156861279296	0.0069041542404496385	0.01779147438885099	4	Anakinra.No	Anakinra.Yes	-0.18286312613929664	0.1319541607064864	1	3	2	0.3319541607064864	*	-0.15	1.85
MCP-2	Day*Allocation*srf14	Day7	Anakinra	No	Day7	Anakinra	Yes	0	-0.28308492183788125	0.11573818989361166	968.8181165662946	-2.445907630818292	0.014625798999935857	0.030433269800095874	7	Anakinra.No	Anakinra.Yes	-0.4536979789259695	-0.17061305708808822	1	3	2	0.029386942911911795	*	-0.15	2.85
CCL25	Day*Allocation*srf14	Day4	Anakinra	No	Day4	Anakinra	Yes	0	0.47296181017191546	0.13057779375920228	1016.779716601419	3.6220692397675327	3.0669347149174086e-4	0.001081498031049823	4	Anakinra.No	Anakinra.Yes	0.1732178684658417	-0.29974394170607377	1	3	2	0.3732178684658417	**	-0.15	1.85
CCL25	Day*Allocation*srf14	Day7	Anakinra	No	Day7	Anakinra	Yes	0	0.3939226569541851	0.12943000505383134	994.6305213222092	3.043518825409521	0.002399734415873442	0.006699258577646692	7	Anakinra.No	Anakinra.Yes	0.11959014973671077	-0.2743325072174743	1	3	2	0.3195901497367108	**	-0.15	2.85
CX3CL1	Day*Allocation*srf14	Day7	Anakinra	No	Day7	Anakinra	Yes	0	-0.4317573036220179	0.12993235619658333	980.7808003724198	-3.322939075843306	9.236724561351306e-4	0.002946954979097798	7	Anakinra.No	Anakinra.Yes	-0.07763890860905005	0.3541183950129679	1	3	2	0.5541183950129679	**	-0.15	2.85
TNFRSF9	Day*Allocation*srf14	Day4	Anakinra	No	Day4	Anakinra	Yes	0	0.4612715542187466	0.12258149265685893	1056.4292647474913	3.762978768010104	1.7713547424383865e-4	6.981221631963053e-4	4	Anakinra.No	Anakinra.Yes	0.22563280931158602	-0.23563874490716058	1	3	2	0.42563280931158604	***	-0.15	1.85
TNFRSF9	Day*Allocation*srf14	Day7	Anakinra	No	Day7	Anakinra	Yes	0	0.2790543468263357	0.1219220525497798	1043.4120654630055	2.2887930525316578	0.022290518253758763	0.041675212240041774	7	Anakinra.No	Anakinra.Yes	0.5608291909233384	0.2817748440970027	1	3	2	0.7608291909233384	*	-0.15	2.85
TWEAK	Day*Allocation*srf14	Day7	Anakinra	No	Day7	Anakinra	Yes	0	0.4275785916800238	0.1325042654814755	1098.8184120199371	3.226904357579346	0.0012883302374395284	0.003923551177656745	7	Anakinra.No	Anakinra.Yes	0.3576180403647183	-0.06996055131530554	1	3	2	0.5576180403647183	**	-0.15	2.85
CCL20	Day*Allocation*srf14	Day1	Anakinra	No	Day1	Anakinra	Yes	0	-0.43132453841553675	0.12508539349122208	1079.9753540768609	-3.448240648863651	5.860050506824428e-4	0.007852467679144734	1	Anakinra.No	Anakinra.Yes	0.1806138007379784	0.6119383391535151	1	3	2	0.8119383391535151	**	-0.15	0.85
CCL20	Day*Allocation*srf14	Day4	Anakinra	No	Day4	Anakinra	Yes	0	-0.451300022576616	0.12765584975188046	1122.753261304694	-3.5352866590429635	4.2392611177896963e-4	0.001383973674976756	4	Anakinra.No	Anakinra.Yes	-0.16447844146525015	0.28682158111136585	1	3	2	0.48682158111136586	**	-0.15	1.85
CCL20	Day*Allocation*srf14	Day7	Anakinra	No	Day7	Anakinra	Yes	0	-0.7171593558836483	0.12690391548517393	1109.3492707927835	-5.651199595708561	2.0245691987213832e-8	2.7129227262866534e-7	7	Anakinra.No	Anakinra.Yes	-0.2575946964952178	0.4595646593884305	1	3	2	0.6595646593884306	***	-0.15	2.85
TNFB	Day*Allocation*srf14	Day4	Anakinra	No	Day4	Anakinra	Yes	0	0.48123572595046404	0.12431237401727319	1098.2693731119002	3.871181205851611	1.1469561660520446e-4	5.911235625037461e-4	4	Anakinra.No	Anakinra.Yes	0.3489261703596873	-0.1323095555907767	1	3	2	0.5489261703596873	***	-0.15	1.85
TNFB	Day*Allocation*srf14	Day7	Anakinra	No	Day7	Anakinra	Yes	0	0.49435197068983494	0.12317407868658312	1076.1854652181182	4.013441593890183	6.398341812800847e-5	2.679305634110355e-4	7	Anakinra.No	Anakinra.Yes	0.372607002711568	-0.12174496797826692	1	3	2	0.572607002711568	***	-0.15	2.85
CSF-1	Day*Allocation*srf14	Day7	Anakinra	No	Day7	Anakinra	Yes	0	-0.35807417474015724	0.1224021189376703	1427.2635971448017	-2.9253919609226373	0.003494594158628412	0.008671770689929763	7	Anakinra.No	Anakinra.Yes	-0.34725925681010156	0.010814917930055706	1	3	2	0.21081491793005572	**	-0.15	2.85
