Assay	Day	srf14	emmean	SE	df	lower.CL	upper.CL	group	color_class
MCP-3	1	No	0.17329631762805575	0.0544468365025626	981.800941290572	0.06645076256252011	0.28014187269359137	No	SRF-
MCP-3	4	No	-0.2809003227105499	0.05404539378676496	963.6033122005945	-0.3869605655237156	-0.17484007989738415	No	SRF-
MCP-3	7	No	-0.4866519675295774	0.054877790934699605	1001.8857898953443	-0.5943405557273541	-0.3789633793318007	No	SRF-
MCP-3	1	Yes	0.6384094796735436	0.09000028271972958	963.8617526839314	0.461790383189173	0.8150285761579141	Yes	SRF+
MCP-3	4	Yes	0.5250482636672087	0.09240305533520439	1023.433799797281	0.34372716800780495	0.7063693593266125	Yes	SRF+
MCP-3	7	Yes	0.388762900826766	0.09204850283878488	1014.7032114353532	0.20813569798889828	0.5693901036646337	Yes	SRF+
CD244	1	No	0.23596723784980259	0.05537901247078293	953.8479582615917	0.12728846535967872	0.3446460103399265	No	SRF-
CD244	4	No	0.14947779455280796	0.05499065578571957	936.2978968535231	0.041558584252353925	0.257397004853262	No	SRF-
CD244	7	No	0.4086969046889471	0.05579532727335458	973.1729722599532	0.2992038958837569	0.5181899134941372	No	SRF-
CD244	1	Yes	-0.025946714109615132	0.0915734319170554	936.9901645553423	-0.2056594828584859	0.15376605463925563	Yes	SRF+
CD244	4	Yes	-0.34450804736413376	0.09390757522975081	995.096673257439	-0.528787652562575	-0.1602284421656925	Yes	SRF+
CD244	7	Yes	-0.33339665791614886	0.09356314763515693	986.5509430164896	-0.5170023121136997	-0.14979100371859802	Yes	SRF+
IL6	1	No	0.3538298615753932	0.05203348723670094	1035.001231382301	0.2517267001958075	0.4559330229549789	No	SRF-
IL6	4	No	-0.19085960488750994	0.051616151058615736	1015.893490253193	-0.2921460751111432	-0.08957313466387669	No	SRF-
IL6	7	No	-0.498558220357049	0.05248272985544535	1056.184982184331	-0.6015404937640666	-0.3955759469500314	No	SRF-
IL6	1	Yes	0.8158907331812145	0.0859544437551825	1015.1804976549805	0.6472220253671539	0.9845594409952751	Yes	SRF+
IL6	4	Yes	0.5852269788234286	0.08843361951317058	1076.4461284117817	0.41170516401417373	0.7587487936326833	Yes	SRF+
IL6	7	Yes	0.4619130578222597	0.08806783457446038	1067.5365791965278	0.28910735192361486	0.6347187637209046	Yes	SRF+
MCP-1	1	No	0.02174161051335872	0.056802621439714256	1134.564356456362	-0.08970837551817153	0.13319159654488896	No	SRF-
MCP-1	4	No	-0.10127715847635833	0.05628488928716073	1114.9783456629712	-0.21171339616199442	0.009159079209277748	No	SRF-
MCP-1	7	No	0.03047589565193599	0.0573629047034035	1156.4829400155397	-0.08207112019025578	0.14302291149412777	No	SRF-
MCP-1	1	Yes	0.4362430135841991	0.09371994945496469	1112.0096414307925	0.2523551393833019	0.6201308877850963	Yes	SRF+
MCP-1	4	Yes	0.6495070486065452	0.096756358811379	1172.6338715136812	0.4596721304741821	0.8393419667389083	Yes	SRF+
MCP-1	7	Yes	0.5728937745608689	0.09630862265375983	1163.9788030659022	0.38393585817344544	0.7618516909482923	Yes	SRF+
CD6	1	No	-0.010727124598401812	0.05700077433463586	966.9805492940246	-0.12258660029997376	0.10113235110317015	No	SRF-
CD6	4	No	0.11908019531588085	0.056591288376052526	949.1121584688136	0.008021682913013292	0.2301387077187484	No	SRF-
CD6	7	No	0.4159667861251395	0.057440032026194625	986.6776974664426	0.30324812221011144	0.5286854500401675	No	SRF-
CD6	1	Yes	-0.1841644470779562	0.09423947380355771	949.6074995165459	-0.36910614216670745	7.772480107950397e-4	Yes	SRF+
CD6	4	Yes	-0.15453786655407015	0.09669575664038657	1008.452141577174	-0.34428580162294953	0.035210068514809206	Yes	SRF+
CD6	7	Yes	-0.2416820272677376	0.09633330539678879	999.811689591456	-0.430720680378057	-0.05264337415741818	Yes	SRF+
SCF	1	No	0.44882035067859766	0.05683079525128033	888.9730274782689	0.3372821796294631	0.5603585217277323	No	SRF-
SCF	4	No	0.04825312467843206	0.056483261862803634	873.3463465702201	-0.06260566905505321	0.15911191841191732	No	SRF-
SCF	7	No	0.11436322860321556	0.05720212897051946	906.0840656746374	0.0020991549178826924	0.22662730228854844	No	SRF-
SCF	1	Yes	0.31618072693873395	0.09405305219746317	874.8219839100981	0.1315847393350256	0.5007767145424423	Yes	SRF+
SCF	4	Yes	-0.3064997809265523	0.09616340286449605	927.9856583373662	-0.4952227315401668	-0.11777683031293776	Yes	SRF+
SCF	7	Yes	-0.3499657734746635	0.09585203848720271	920.1148539713212	-0.5380797655948748	-0.16185178135445222	Yes	SRF+
TGF-alpha	1	No	-0.16787702985285005	0.05887613360359617	1053.512286837868	-0.28340485684599886	-0.05234920285970124	No	SRF-
TGF-alpha	4	No	-0.11791037206178702	0.05839129486171929	1034.1913082563076	-0.23248930162009307	-0.003331442503480983	No	SRF-
TGF-alpha	7	No	0.009387955617773863	0.05939854323252545	1074.9668010780713	-0.10716227766957045	0.12593818890511818	No	SRF-
TGF-alpha	1	Yes	-0.27296470197724065	0.09723589690397512	1033.0988785632903	-0.46376709489900436	-0.08216230905547692	Yes	SRF+
TGF-alpha	4	Yes	-0.01568696513514789	0.10010886945016051	1094.6192076532157	-0.2121139368889767	0.18074000661868092	Yes	SRF+
TGF-alpha	7	Yes	0.2532390377252463	0.09968501291796471	1085.6996535190335	0.05764195035408834	0.44883612509640425	Yes	SRF+
MCP-4	1	No	-0.2293920800673738	0.05791050106990318	814.9225859383362	-0.3430634026041961	-0.11572075753055149	No	SRF-
MCP-4	4	No	0.09108362096464	0.05762274998966487	802.1511748380916	-0.022025559510323006	0.204192801439603	No	SRF-
MCP-4	7	No	0.3863665190919843	0.05821680632943089	828.8081445399765	0.27209680380682466	0.5006362343771439	No	SRF-
MCP-4	1	Yes	-0.48074883223602544	0.09593643429277182	804.1041954969462	-0.6690642395437894	-0.29243342492826147	Yes	SRF+
MCP-4	4	Yes	0.1506132045887851	0.09770648459944004	848.9757881941421	-0.041161388028848084	0.3423877972064183	Yes	SRF+
MCP-4	7	Yes	0.3036552282748819	0.09744543293168613	842.3006193125782	0.11239085404358554	0.4949196025061783	Yes	SRF+
LIF-R	1	No	0.29983598391815874	0.05725577920713192	994.5191868929447	0.18747998044744707	0.4121919873888704	No	SRF-
LIF-R	4	No	-0.1596881197236814	0.05682451013651694	976.0648551686145	-0.2712003903410866	-0.04817584910627622	No	SRF-
LIF-R	7	No	-0.2724820712406034	0.05771905330313538	1014.9089289509558	-0.3857444090673765	-0.15921973341383033	No	SRF-
LIF-R	1	Yes	0.6028630630008501	0.09462842570781956	976.107931874385	0.4171644971510018	0.7885616288506985	Yes	SRF+
LIF-R	4	Yes	0.038781616403808464	0.09720496133524904	1036.215161154538	-0.15195939998249636	0.2295226327901133	Yes	SRF+
LIF-R	7	Yes	-0.34803999413109565	0.0968247740783837	1027.4213074920253	-0.5380368874621	-0.15804310080009132	Yes	SRF+
PD-L1	1	No	0.2068364389443274	0.05588217277868112	897.8372941276011	0.09716154483720814	0.3165113330514467	No	SRF-
PD-L1	4	No	-0.1777217308168817	0.055533284607306305	881.9145468671154	-0.28671454989216677	-0.06872891174159661	No	SRF-
PD-L1	7	No	-0.3647750685036908	0.056255120861030065	915.2863065125674	-0.4751790730567549	-0.2543710639506267	No	SRF-
PD-L1	1	Yes	0.6752913247835263	0.0924723078223609	883.3024531548723	0.4938002456239042	0.8567824039431484	Yes	SRF+
PD-L1	4	Yes	0.555374142913797	0.09458779993326795	937.2691027009699	0.3697457513928285	0.7410025344347656	Yes	SRF+
PD-L1	7	Yes	0.22835915616196323	0.09427566775589061	929.2856348155614	0.04334126831327009	0.41337704401065634	Yes	SRF+
TRANCE	1	No	-0.1894792535730046	0.052558859161799525	1076.1325055829761	-0.2926087157402307	-0.08634979140577853	No	SRF-
TRANCE	4	No	0.1477177782931431	0.05211264738688638	1056.6262981041148	0.0454617343636845	0.24997382222260167	No	SRF-
TRANCE	7	No	0.5603149500876207	0.053040221598966555	1097.836561675655	0.4562432892081454	0.664386610967096	No	SRF-
TRANCE	1	Yes	-0.541861352990644	0.08677891702874896	1055.0436518007991	-0.7121402480699622	-0.3715824579113257	Yes	SRF+
TRANCE	4	Yes	-0.294164425543299	0.08941512687753708	1116.6423100447853	-0.4696050160692148	-0.11872383501738323	Yes	SRF+
TRANCE	7	Yes	-0.19306907540679488	0.08902624352437252	1107.7465129125314	-0.36774816361125484	-0.01838998720233495	Yes	SRF+
HGF	1	No	-0.10707037992260257	0.0581621721137999	1090.589974317105	-0.22119279608493853	0.00705203623973337	No	SRF-
HGF	4	No	-0.1435496864695474	0.05765914324345451	1071.0097492288141	-0.2566873867793167	-0.03041198615977811	No	SRF-
HGF	7	No	-0.07100629582035935	0.058705245196878524	1112.4056386266705	-0.18619178854931953	0.04417919690860084	No	SRF-
HGF	1	Yes	0.09410339241616236	0.09601370045329768	1069.0994191507893	-0.09429328877385021	0.2825000736061749	Yes	SRF+
HGF	4	Yes	0.3424991403538973	0.09898005254194182	1130.6145062110368	0.148293902122034	0.5367043785857606	Yes	SRF+
HGF	7	Yes	0.48077562003348007	0.09854250478334158	1121.7543891797056	0.2874272421222279	0.6741239979447322	Yes	SRF+
IL-12B	1	No	0.8746611586213826	0.04764043207479041	1039.4400703681583	0.7811787751893629	0.9681435420534024	No	SRF-
IL-12B	4	No	0.17752707798026982	0.04725585833543973	1020.2762118793651	0.08479729349235972	0.2702568624681799	No	SRF-
IL-12B	7	No	0.1512357734540061	0.04805450294016619	1060.6941286871952	0.05694308253657243	0.24552846437143977	No	SRF-
IL-12B	1	Yes	1.0039985433122154	0.07869325717705843	1019.4740832357568	0.8495792637831522	1.1584178228412787	Yes	SRF+
IL-12B	4	Yes	-0.012015662001350154	0.0809764255974407	1080.8164683413384	-0.17090446978184998	0.14687314577914967	Yes	SRF+
IL-12B	7	Yes	-0.25872896606513424	0.08063956543087306	1071.9020866103988	-0.4169582750869542	-0.10049965704331426	Yes	SRF+
CD5	1	No	0.008421593429143684	0.055788555414500805	1041.6438736039015	-0.1010491657251071	0.11789235258339446	No	SRF-
CD5	4	No	0.15845826760491755	0.05533677570846425	1022.4533163534973	0.04987163962348032	0.2670448955863548	No	SRF-
CD5	7	No	0.5501056635745076	0.05627504276879091	1062.931583573962	0.4396828700874451	0.6605284570615702	No	SRF-
CD5	1	Yes	-0.16711004915143068	0.09214998244952544	1021.6064945488829	-0.347934926722407	0.013714828419545605	Yes	SRF+
CD5	4	Yes	-0.07677860205023859	0.09483134181935056	1082.9833090348864	-0.26285257275616086	0.10929536865568368	Yes	SRF+
CD5	7	Yes	0.011694526931730995	0.09443573551218337	1074.0670996433719	-0.17360492315391907	0.19699397701738103	Yes	SRF+
Flt3L	1	No	0.1280231215612046	0.0549810792478052	1105.2461908243736	0.020144049327358582	0.23590219379505062	No	SRF-
Flt3L	4	No	0.2074450391640787	0.054496866906217696	1085.6269569119916	0.10051392763295659	0.3143761506952008	No	SRF-
Flt3L	7	No	0.5345979242437595	0.05550424970646422	1127.1361328756607	0.42569465122436506	0.643501197263154	No	SRF-
Flt3L	1	Yes	0.09783702613217721	0.09074639024148172	1083.3737402392494	-0.08022155689662994	0.2758956091609843	Yes	SRF+
Flt3L	4	Yes	-0.05758934145029115	0.09359648881489141	1144.6981477464583	-0.24122925964051026	0.12605057673992795	Yes	SRF+
Flt3L	7	Yes	0.08630581122834981	0.09317612946850021	1135.890335753332	-0.09651084615516155	0.2691224686118612	Yes	SRF+
DNER	1	No	-0.07199514680123999	0.05624354940496979	949.9301098311664	-0.18237111174212728	0.038380818139647305	No	SRF-
DNER	4	No	0.09255288188879511	0.055852038395476526	932.4797830181429	-0.01705737344502939	0.2021631372226196	No	SRF-
DNER	7	No	0.45997761835535483	0.05666316233991868	969.1389849816604	0.348780989641746	0.5711742470689637	No	SRF-
DNER	1	Yes	-0.14509656966097084	0.09300764309533455	933.22838687717	-0.3276249280247839	0.037431788702842195	Yes	SRF+
DNER	4	Yes	-0.2726341944376813	0.09536214660496667	991.0976291086437	-0.45976909844343783	-0.0854992904319247	Yes	SRF+
DNER	7	Yes	-0.17005052264683812	0.09501471538631467	982.5828711583466	-0.3565056169292046	0.016404571635528387	Yes	SRF+
EN-RAGE	1	No	-0.169728948919926	0.05737927943440834	1104.0932744693562	-0.28231368900723774	-0.05714420883261424	No	SRF-
EN-RAGE	4	No	-0.18809990946089258	0.05687465414367343	1084.4757807938347	-0.29969673210462505	-0.07650308681716012	No	SRF-
EN-RAGE	7	No	0.04192115122298988	0.05792447127104557	1125.9788061491888	-0.0717308936651591	0.15557319611113885	No	SRF-
EN-RAGE	1	Yes	0.026152121730209834	0.09470593520982876	1082.2499119427252	-0.15967592242476217	0.21198016588518184	Yes	SRF+
EN-RAGE	4	Yes	0.46696466952611165	0.09767661539044079	1143.5931768744663	0.27531918975405073	0.6586101492981726	Yes	SRF+
EN-RAGE	7	Yes	0.49562584802524035	0.0972384680257573	1134.7806653243438	0.3048384614140155	0.6864132346364652	Yes	SRF+
CCL25	1	No	0.2281767867430791	0.058519606282158916	903.484918201141	0.11332660915270822	0.34302696433345	No	SRF-
CCL25	4	No	0.1035325520763806	0.058149532417278306	887.3788910413463	-0.0105940996704222	0.21765920382318338	No	SRF-
CCL25	7	No	0.1002713095690686	0.058915313809932666	921.1435778605343	-0.015352507623782485	0.2158951267619197	No	SRF-
CCL25	1	Yes	0.0644142354217386	0.09682948740575274	888.707631181855	-0.12562689066501628	0.25445536150849346	Yes	SRF+
CCL25	4	Yes	-0.30237348727864855	0.0990713775790503	943.1647674162896	-0.4967993206461475	-0.1079476539111496	Yes	SRF+
CCL25	7	Yes	-0.3817270886149183	0.09874059031412513	935.1129071197873	-0.5755059017056006	-0.18794827552423599	Yes	SRF+
TNFB	1	No	0.27410425502595925	0.054225200300514705	983.4491023516223	0.1676938552219427	0.3805146548299758	No	SRF-
TNFB	4	No	0.3274126151174383	0.053824264058838174	965.2168513178918	0.2217865457336497	0.4330386845012269	No	SRF-
TNFB	7	No	0.39380443531248976	0.054655647182742746	1003.5749224597424	0.2865519858227401	0.5010568848022394	No	SRF-
TNFB	1	Yes	-0.007093462340972686	0.08963207080331634	965.4480041235498	-0.18298960600991143	0.16880268132796605	Yes	SRF+
TNFB	4	Yes	-0.1599423581513783	0.09203123426654054	1025.0940394784982	-0.3405334887381566	0.020648772435400004	Yes	SRF+
TNFB	7	Yes	-0.2324525359302335	0.09167721486618503	1016.3545205786569	-0.4123508096122569	-0.05255426224821011	Yes	SRF+
