Protein	Protein_label	Source	Arm	AUC	CI_lower	CI_upper	Direction	Threshold_in_sample	Sensitivity_in_sample	Specificity_in_sample	Threshold_cv	Sensitivity_cv	Specificity_cv	n_cv_folds	n	n_srf
4E-BP1	4E-BP1	Olink	Placebo	0.5912356321839081	0.48887837177170246	0.6935928925961135	<	-0.008611261787448646	0.6944444444444444	0.49137931034482757	0.030257408475602765	0.5785714285714285	0.42427536231884055	5	152	36
ADA	ADA	Olink	Placebo	0.6127873563218391	0.5081457120315934	0.7174290006120846	<	0.16990652693209202	0.6111111111111112	0.5948275862068966	0.6806325435659101	0.32857142857142857	0.6065217391304347	5	152	36
AXIN1	AXIN1	Olink	Placebo	0.5917145593869731	0.49162491239350153	0.6918042063804448	>	0.5621502347687715	0.9722222222222222	0.23275862068965517	0.04170503441053467	0.6	0.44166666666666665	5	152	36
CASP-8	CASP-8	Olink	Placebo	0.5428639846743295	0.443856333345964	0.6418716360026949	<	-0.31514271811440997	0.8055555555555556	0.43103448275862066	-0.4306525862196765	0.8142857142857143	0.3789855072463768	5	152	36
CCL11	CCL11	Olink	Placebo	0.5493295019157088	0.44551735785446966	0.653141645976948	>	-0.5557403789232915	0.5	0.6379310344827587	-0.3097882289768504	0.4928571428571428	0.5003623188405797	5	152	36
CCL19	CCL19	Olink	Placebo	0.49377394636015326	0.3919714963277425	0.595576396392564	<	-0.580580266099415	0.8888888888888888	0.20689655172413793	-0.6519121768294383	0.8178571428571428	0.13804347826086957	5	152	36
CCL20	CCL20	Olink	Placebo	0.6513409961685824	0.5540311966951481	0.7486507956420168	<	-0.2402929038225815	0.9444444444444444	0.31896551724137934	-0.033201803726523205	0.7	0.37826086956521743	5	152	36
CCL23	CCL23	Olink	Placebo	0.5490900383141762	0.43871153659157863	0.6594685400367739	<	0.5186813133153675	0.5833333333333334	0.6293103448275862	0.5582606278648118	0.5035714285714286	0.6282608695652174	5	152	36
CCL25	CCL25	Olink	Placebo	0.492816091954023	0.3935870763007323	0.5920451076073137	>	1.124031937389095	0.9166666666666666	0.20689655172413793	1.0016308040569788	0.7714285714285715	0.19021739130434784	5	152	36
CCL3	CCL3	Olink	Placebo	0.5186781609195402	0.4155559561195665	0.6218003657195139	<	-0.4744541921177715	0.6388888888888888	0.49137931034482757	-0.5340542578193255	0.5	0.4221014492753623	5	152	36
CCL4	CCL4	Olink	Placebo	0.5347222222222222	0.4221272441913419	0.6473172002531025	>	-0.6907987651544796	0.4166666666666667	0.7155172413793104	-0.7538192640039758	0.30357142857142855	0.7235507246376811	5	152	36
CD244	CD244	Olink	Placebo	0.5783045977011494	0.4774742545399785	0.6791349408623203	>	0.1342760363316745	0.75	0.5086206896551724	0.1672265634487988	0.7464285714285714	0.4742753623188406	5	152	36
CD40	CD40	Olink	Placebo	0.5871647509578544	0.48389391653206926	0.6904355853836397	<	0.02896927298538785	0.5555555555555556	0.6293103448275862	-0.2518383610257846	0.6107142857142857	0.45869565217391306	5	152	36
CD5	CD5	Olink	Placebo	0.5124521072796935	0.40622910459870704	0.61867510996068	>	-0.1866219263053255	0.5555555555555556	0.5603448275862069	0.10695597739524311	0.6	0.3898550724637681	5	152	36
CD6	CD6	Olink	Placebo	0.5488505747126436	0.4446435941466209	0.6530575552786664	>	0.643846450271299	0.9166666666666666	0.2413793103448276	0.6676094878605219	0.8285714285714285	0.2246376811594203	5	152	36
CD8A	CD8A	Olink	Placebo	0.5296934865900383	0.4134767384641255	0.6459102347159511	<	0.5331481568662939	0.4722222222222222	0.6637931034482759	0.5009278811067812	0.4178571428571428	0.6134057971014493	5	152	36
CDCP1	CDCP1	Olink	Placebo	0.5577107279693486	0.4486976641936967	0.6667237917450005	<	0.718896579131865	0.3333333333333333	0.8017241379310345	0.4920142317792072	0.3107142857142857	0.6626811594202898	5	152	36
CSF-1	CSF-1	Olink	Placebo	0.5979406130268199	0.4962399662215631	0.6996412598320769	<	0.272635807070684	0.7777777777777778	0.45689655172413796	0.3099717345624555	0.7071428571428571	0.4644927536231884	5	152	36
CST5	CST5	Olink	Placebo	0.5184386973180076	0.41746184680753506	0.6194155478284802	<	-0.275888990481412	0.6944444444444444	0.47413793103448276	-0.3099229268367201	0.6642857142857143	0.4394927536231884	5	152	36
CX3CL1	CX3CL1	Olink	Placebo	0.6939655172413793	0.5985357242432433	0.7893953102395154	<	0.49286220235517153	0.6666666666666666	0.7327586206896551	0.514605246235078	0.6357142857142857	0.7239130434782609	5	152	36
CXCL1	CXCL1	Olink	Placebo	0.6238026819923371	0.5171873828004994	0.7304179811841751	<	0.3299886332439585	0.7222222222222222	0.5603448275862069	0.3986565553285864	0.5607142857142857	0.5695652173913044	5	152	36
CXCL10	CXCL10	Olink	Placebo	0.6889367816091954	0.5977210792853548	0.7801524839330362	<	1.05852801688255	0.6111111111111112	0.6982758620689655	0.6031200593665009	0.7035714285714285	0.45543478260869563	5	152	36
CXCL11	CXCL11	Olink	Placebo	0.6051245210727969	0.502622348424434	0.7076266937211598	<	0.10509900739605155	0.8888888888888888	0.35344827586206895	0.11189290871893355	0.8678571428571429	0.35253623188405797	5	152	36
CXCL5	CXCL5	Olink	Placebo	0.5004789272030651	0.38926477137730153	0.6116930830288289	>	-0.644839525495713	0.3888888888888889	0.7155172413793104	0.2148643491784773	0.5428571428571428	0.372463768115942	5	152	36
CXCL6	CXCL6	Olink	Placebo	0.5658524904214559	0.4592468934548617	0.6724580873880501	<	-0.3724518847427525	0.7222222222222222	0.4224137931034483	-0.301574626625889	0.5035714285714286	0.39818840579710146	5	152	36
CXCL9	CXCL9	Olink	Placebo	0.6113505747126436	0.5146977700781667	0.7080033793471208	<	-0.05169151320072855	0.7777777777777778	0.47413793103448276	-0.16304782528604372	0.775	0.4318840579710145	5	152	36
DNER	DNER	Olink	Placebo	0.5244252873563219	0.41289000101911855	0.6359605736935252	>	-0.266143439480112	0.5	0.5948275862068966	-0.3742642649760287	0.3678571428571428	0.5394927536231884	5	152	36
EN-RAGE	EN-RAGE	Olink	Placebo	0.5150862068965517	0.4063560836257336	0.6238163301673698	<	-0.2799652164368915	0.6388888888888888	0.4482758620689655	-0.3045318196937672	0.5178571428571428	0.4072463768115942	5	152	36
FGF-19	FGF-19	Olink	Placebo	0.5354406130268199	0.42916805796456803	0.641713168089072	>	0.5142621153397365	0.6944444444444444	0.46551724137931033	0.5144736374924692	0.6928571428571428	0.46557971014492755	5	152	36
FGF-21	FGF-21	Olink	Placebo	0.5126915708812261	0.4016008296883321	0.62378231207412	>	0.1778588754879865	0.6388888888888888	0.46551724137931033	0.19535885355306232	0.5178571428571428	0.3894927536231884	5	152	36
Flt3L	Flt3L	Olink	Placebo	0.4961685823754789	0.39138756934368846	0.6009495954072694	<	-0.0862183330818037	0.5555555555555556	0.5258620689655172	-0.49311030455015037	0.6107142857142858	0.35543478260869565	5	152	36
HGF	HGF	Olink	Placebo	0.5330459770114943	0.42258021803132034	0.6435117359916681	<	0.157211810581335	0.5277777777777778	0.603448275862069	0.15692054778805492	0.4178571428571428	0.5605072463768116	5	152	36
IFN-gamma	IFN-gamma	Olink	Placebo	0.5615421455938697	0.45831932218870064	0.6647649689990388	<	0.6593715495679995	0.6944444444444444	0.5258620689655172	0.6109595783625393	0.7035714285714285	0.4920289855072464	5	152	36
IL-10RB	IL-10RB	Olink	Placebo	0.5239463601532567	0.4187625027421629	0.6291302175643505	<	-0.04463625919291585	0.6388888888888888	0.5086206896551724	-0.02850545074554213	0.6142857142857143	0.5097826086956522	5	152	36
IL-12B	IL-12B	Olink	Placebo	0.5675287356321839	0.4661756920244347	0.6688817792399331	<	0.0305354291915417	0.9166666666666666	0.27586206896551724	0.09686158953990293	0.7928571428571428	0.28442028985507245	5	152	36
IL-18R1	IL-18R1	Olink	Placebo	0.6757662835249042	0.5787063572611579	0.7728262097886505	<	0.3390924025218625	0.8055555555555556	0.5172413793103449	0.3430596647455426	0.7857142857142857	0.4996376811594203	5	152	36
IL10	IL-10	Olink	Placebo	0.6910919540229885	0.5937478198755332	0.7884360881704439	<	1.0208879849378851	0.6388888888888888	0.7758620689655172	0.9900888455219942	0.6464285714285715	0.7322463768115942	5	152	36
IL18	IL18	Olink	Placebo	0.5629789272030651	0.450251895932848	0.6757059584732824	<	0.5132955638629706	0.5555555555555556	0.6120689655172413	0.8199684595273549	0.33928571428571425	0.7431159420289855	5	152	36
IL6	IL-6	Olink	Placebo	0.7045019157088123	0.6046743737023297	0.8043294577152948	<	0.8623283119548155	0.6388888888888888	0.75	0.7637170217632869	0.6178571428571429	0.7057971014492753	5	152	36
IL7	IL7	Olink	Placebo	0.5526819923371648	0.44967516471215024	0.6556888199621792	>	0.541520182382824	0.8333333333333334	0.3275862068965517	0.3649490471768755	0.7178571428571429	0.3717391304347826	5	152	36
IL8	IL8	Olink	Placebo	0.6376915708812261	0.5398171165979868	0.7355660251644653	<	-0.44394347684817004	0.8333333333333334	0.46551724137931033	-0.41023929074868165	0.7785714285714286	0.4644927536231884	5	152	36
LAP TGF-beta-1	LAP TGF-beta-1	Olink	Placebo	0.5134099616858238	0.4109131630838454	0.6159067602878021	<	-0.7098547595160175	0.8611111111111112	0.27586206896551724	-0.7211990410252122	0.8642857142857143	0.2594202898550725	5	152	36
LIF-R	LIF-R	Olink	Placebo	0.7145593869731801	0.6172800973804039	0.8118386765659561	<	1.2488534282397898	0.5	0.8706896551724138	0.8646300614163395	0.5607142857142857	0.7148550724637681	5	152	36
MCP-1	MCP-1	Olink	Placebo	0.6848659003831418	0.5882561758309204	0.7814756249353632	<	0.502610360096806	0.6111111111111112	0.7068965517241379	0.1375475110318848	0.7	0.5431159420289855	5	152	36
MCP-2	MCP-2	Olink	Placebo	0.6738505747126436	0.5740598473297012	0.7736413020955863	<	1.210445304866595	0.6111111111111112	0.7241379310344828	1.1662547711744553	0.5571428571428572	0.6902173913043478	5	152	36
MCP-3	MCP-3	Olink	Placebo	0.7672413793103449	0.6880441057460792	0.8464386528746105	<	0.5917381071736935	0.75	0.6982758620689655	0.4776219830307886	0.7464285714285714	0.6134057971014493	5	152	36
MCP-4	MCP-4	Olink	Placebo	0.5196360153256705	0.4125714102835145	0.6267006203678265	>	0.5861971532904255	0.8888888888888888	0.1810344827586207	0.540474863753375	0.775	0.1460144927536232	5	152	36
MMP-1	MMP-1	Olink	Placebo	0.514367816091954	0.4060680753582776	0.6226675568256305	>	-0.7790076772300796	0.4444444444444444	0.6551724137931034	-0.4757194831751391	0.38571428571428573	0.4920289855072464	5	152	36
MMP-10	MMP-10	Olink	Placebo	0.6621168582375478	0.5647667845094542	0.7594669319656417	<	-0.05325781182754905	0.8888888888888888	0.4396551724137931	0.1358011620721124	0.6642857142857143	0.5173913043478261	5	152	36
OPG	OPG	Olink	Placebo	0.6630747126436781	0.5660987218492723	0.7600507034380841	<	0.082321258007255	0.8055555555555556	0.4827586206896552	-0.031584689982250704	0.725	0.44057971014492753	5	152	36
OSM	OSM	Olink	Placebo	0.5038314176245211	0.3926968030071658	0.6149660322418764	>	-0.6750206942854675	0.3888888888888889	0.7241379310344828	-0.6723255317410252	0.3892857142857143	0.716304347826087	5	152	36
PD-L1	PD-L1	Olink	Placebo	0.7272509578544062	0.6357652184283757	0.8187366972804366	<	0.5648993159455545	0.6944444444444444	0.7068965517241379	0.4529858920958409	0.6964285714285714	0.6557971014492754	5	152	36
SCF	SCF	Olink	Placebo	0.5541187739463601	0.4526030588437597	0.6556344890489605	>	0.29140520385534596	0.6388888888888888	0.5431034482758621	0.31281520559801007	0.6142857142857143	0.48188405797101447	5	152	36
SIRT2	SIRT2	Olink	Placebo	0.5684865900383141	0.46813535357936875	0.6688378264972595	<	0.1137572430120305	0.5833333333333334	0.5948275862068966	-0.2001469371598355	0.6071428571428571	0.4148550724637681	5	152	36
SLAMF1	SLAMF1	Olink	Placebo	0.507183908045977	0.3967362634441014	0.6176315526478526	<	1.744677145665995	0.1388888888888889	0.9482758620689655	0.5678948074889867	0.35714285714285715	0.5706521739130435	5	152	36
ST1A1	ST1A1	Olink	Placebo	0.5414272030651341	0.44310498719183783	0.6397494189384304	>	-0.0626687931595436	0.7777777777777778	0.4224137931034483	-0.06299068086314095	0.7535714285714286	0.413768115942029	5	152	36
STAMBP	STAMBP	Olink	Placebo	0.6403256704980843	0.5470321094265422	0.7336192315696262	<	-0.407273226699985	0.8611111111111112	0.4482758620689655	-0.2989395785517904	0.7571428571428571	0.49963768115942025	5	152	36
TGF-alpha	TGF-alpha	Olink	Placebo	0.5299329501915708	0.41852008417607856	0.6413458162070631	>	0.37497063622696647	0.75	0.35344827586206895	-0.6934595882706845	0.2464285714285714	0.717391304347826	5	152	36
TNF	TNF	Olink	Placebo	0.5883620689655172	0.4788021786043942	0.6979219593266403	<	0.8320681249948185	0.3611111111111111	0.8017241379310345	0.8008832368187578	0.3107142857142857	0.7409420289855072	5	152	36
TNFB	TNF-B	Olink	Placebo	0.6259578544061303	0.5232071149901871	0.7287085938220734	>	0.35739658030113397	0.8333333333333334	0.4396551724137931	0.051932234471726804	0.6035714285714285	0.5268115942028986	5	152	36
TNFRSF9	TNFRSF9	Olink	Placebo	0.5998563218390804	0.48716266816655934	0.7125499755116015	>	-0.459602919314041	0.6111111111111112	0.6120689655172413	-0.7881058483237631	0.3607142857142857	0.6793478260869565	5	152	36
TNFSF14	TNFSF14	Olink	Placebo	0.5567528735632183	0.4526065984585294	0.6608991486679073	>	-0.2121634310945775	0.6388888888888888	0.5258620689655172	-0.2773019778697846	0.525	0.5442028985507247	5	152	36
TRAIL	TRAIL	Olink	Placebo	0.5383141762452107	0.42997037900482427	0.6466579734855972	>	-0.4700201300878235	0.4722222222222222	0.6724137931034483	-0.30229731742339977	0.3464285714285714	0.6065217391304348	5	152	36
TRANCE	TRANCE	Olink	Placebo	0.66977969348659006	0.5738841793216992	0.7656752076514809	>	-0.594534417210988	0.6666666666666666	0.6896551724137931	-0.45203163327111967	0.6892857142857143	0.5518115942028986	5	152	36
TWEAK	TWEAK	Olink	Placebo	0.6470306513409961	0.5461327474595077	0.7479285552224846	>	-0.03210187354150125	0.75	0.5172413793103449	-0.12681914315974585	0.6321428571428571	0.5423913043478261	5	152	36
uPA	uPA	Olink	Placebo	0.6372126436781609	0.5386202490133796	0.7358050383429424	<	0.232227861237987	0.75	0.5172413793103449	0.23886993990575525	0.6678571428571428	0.5007246376811594	5	152	36
VEGFA	VEGFA	Olink	Placebo	0.5617816091954023	0.46115850612160436	0.6624047122692003	<	-0.2588499471195575	0.8055555555555556	0.4224137931034483	-0.2538475503814847	0.7785714285714286	0.43043478260869567	5	152	36
4E-BP1	4E-BP1	Olink	Anakinra	0.49485707073894114	0.4055481562786855	0.5841659851991966	>	-0.414748620293283	0.37735849056603776	0.7157190635451505	-0.4592511120800236	0.3181818181818182	0.7257627118644068	5	352	53
ADA	ADA	Olink	Anakinra	0.4984539660503565	0.41324718301310565	0.5836607490876075	<	-0.42931201589380397	0.7547169811320755	0.3177257525083612	-0.0254153000057085	0.5236363636363637	0.42587570621468923	5	352	53
AXIN1	AXIN1	Olink	Anakinra	0.5568246355777119	0.4700330981795844	0.6436161729758394	>	-0.8387327052786805	0.39622641509433965	0.7926421404682275	-0.6420065659431715	0.3927272727272727	0.6825988700564972	5	352	53
CASP-8	CASP-8	Olink	Anakinra	0.5072253423360888	0.41974031232587045	0.5947103723463072	>	-0.306106792948889	0.4528301886792453	0.6020066889632107	-0.2653403120821957	0.2963636363636364	0.5788135593220338	5	352	53
CCL11	CCL11	Olink	Anakinra	0.5396605035653436	0.4527938154708808	0.6265271916598065	>	-0.09643907903025864	0.660377358490566	0.46488294314381273	-0.3421671428073688	0.48727272727272725	0.5345762711864407	5	352	53
CCL19	CCL19	Olink	Anakinra	0.5227487852590396	0.4441888985407365	0.6013086719773426	<	-0.5061704857036875	0.9245283018867925	0.22073578595317725	-0.5224142269571683	0.9054545454545455	0.19717514124293786	5	352	53
CCL20	CCL20	Olink	Anakinra	0.6565911528996025	0.5827267041835894	0.7304556016156155	<	0.210562395999689	0.71698113207547165	0.5719063545150501	0.29447298406624584	0.6090909090909091	0.5887005649717514	5	352	53
CCL23	CCL23	Olink	Anakinra	0.6200542689468038	0.5353857097488232	0.7047228281447845	<	0.6849019101945625	0.6226415094339622	0.6421404682274248	0.7323283838908038	0.5690909090909091	0.6490395480225989	5	352	53
CCL25	CCL25	Olink	Anakinra	0.49794913863822804	0.4123072635181111	0.583591013758345	<	0.449124926389925	0.49056603773584906	0.6287625418060201	0.4505133622958012	0.4727272727272727	0.6287005649717514	5	352	53
CCL3	CCL3	Olink	Anakinra	0.5250836120401338	0.44458424160464177	0.6055829824756258	>	-0.0227041429660545	0.71698113207547165	0.3779264214046823	-0.012350317130002614	0.6072727272727273	0.35033898305084743	5	352	53
CCL4	CCL4	Olink	Anakinra	0.5037546538777056	0.420998152327021	0.5865111554283902	>	-0.5954852307942915	0.49056603773584906	0.5953177257525084	-0.47954470807733707	0.38181818181818183	0.5310734463276836	5	352	53
CD244	CD244	Olink	Anakinra	0.5781535937401401	0.49137382750808145	0.6649333599721987	>	-0.16672987787260202	0.6037735849056604	0.6421404682274248	-0.1673437023787288	0.5854545454545454	0.6189265536723164	5	352	53
CD40	CD40	Olink	Anakinra	0.5022401716413201	0.4122723100778934	0.5922080332047469	<	1.0382360777182948	0.22641509433962265	0.8662207357859532	0.8328664552060132	0.22363636363636363	0.7926553672316384	5	352	53
CD5	CD5	Olink	Anakinra	0.5763866977976904	0.4905769196590547	0.6621964759363262	>	-0.5511818138998006	0.4528301886792453	0.7023411371237458	-0.42734251772157034	0.41454545454545455	0.6524293785310734	5	352	53
CD6	CD6	Olink	Anakinra	0.5361267116804442	0.4473636310224608	0.6248897923384277	>	-0.36492354563651397	0.4716981132075472	0.6387959866220736	-0.28559658546485345	0.3690909090909091	0.5680225988700565	5	352	53
CD8A	CD8A	Olink	Anakinra	0.5202877516249133	0.4294734710634047	0.6111020321864218	>	-0.193782946484694	0.4528301886792453	0.6789297658862876	-0.13148727176048275	0.44545454545454544	0.6356497175141244	5	352	53
CDCP1	CDCP1	Olink	Anakinra	0.5365684356660567	0.4514194279900881	0.6217174433420254	<	0.4121957861030555	0.5660377358490566	0.5618729096989966	0.4935075268102183	0.4927272727272727	0.5884180790960452	5	352	53
CSF-1	CSF-1	Olink	Anakinra	0.4870953492774658	0.40535558358389395	0.5688351149710376	>	0.6180641117604004	0.5849056603773585	0.47157190635451507	0.6183676135249733	0.4309090909090909	0.43864406779661014	5	352	53
CST5	CST5	Olink	Anakinra	0.5402915378305042	0.4613273348879525	0.6192557407730559	>	0.7168736668329785	0.8867924528301887	0.24414715719063546	0.4607177205239685	0.7127272727272727	0.3310734463276836	5	352	53
CX3CL1	CX3CL1	Olink	Anakinra	0.5603584274626112	0.4734388278319296	0.6472780270932929	<	-0.05639385496307355	0.660377358490566	0.47491638795986624	0.5185562796240544	0.3618181818181818	0.6657627118644067	5	352	53
CXCL1	CXCL1	Olink	Anakinra	0.5213605098756863	0.4365264745668398	0.6061945451845325	>	0.1011578757292696	0.5660377358490566	0.5284280936454849	-0.07986188280038127	0.37636363636363634	0.5757062146892655	5	352	53
CXCL10	CXCL10	Olink	Anakinra	0.6644159777875939	0.5932675598548377	0.73556439572035	<	0.407934248785983	0.8867924528301887	0.43478260869565216	0.42838842309129	0.78	0.43107344632768363	5	352	53
CXCL11	CXCL11	Olink	Anakinra	0.5721587682211144	0.48742846551597563	0.6568890709262533	<	1.08643212892414	0.4339622641509434	0.745819397993311	0.5908537426584044	0.5727272727272728	0.5278531073446328	5	352	53
CXCL5	CXCL5	Olink	Anakinra	0.5478008455859154	0.45992469952095716	0.6356769916508733	>	-0.31514271811440997	0.5283018867924528	0.6220735785953178	-0.4200437779288362	0.4163636363636364	0.672090395480226	5	352	53
CXCL6	CXCL6	Olink	Anakinra	0.5640815296270587	0.4824167211020874	0.6457463381520301	>	-0.275887166034981	0.5849056603773585	0.5919732441471572	-0.2497626685399269	0.5818181818181818	0.5687005649717515	5	352	53
CXCL9	CXCL9	Olink	Anakinra	0.6493973622767716	0.5709340872166404	0.7278606373369028	<	-0.269386262666997	0.8301886792452831	0.42474916387959866	0.17491700671387653	0.5254545454545454	0.5823728813559322	5	352	53
DNER	DNER	Olink	Anakinra	0.48665362529185335	0.40411558906924894	0.5691916615144578	<	-0.276701284136774	0.6226415094339622	0.44481605351170567	-0.3566254957889295	0.5218181818181817	0.4449152542372881	5	352	53
EN-RAGE	EN-RAGE	Olink	Anakinra	0.5825708335962643	0.5015902027040402	0.6635514644884883	<	-0.22901000314228148	0.660377358490566	0.5117056856187291	-0.2944125407929429	0.6563636363636364	0.48491525423728815	5	352	53
FGF-19	FGF-19	Olink	Anakinra	0.5012936202435793	0.41952423076749246	0.5830630097196658	>	1.446530539947815	0.9433962264150944	0.13043478260869565	0.8811699697979484	0.6327272727272727	0.3037853107344633	5	352	53
FGF-21	FGF-21	Olink	Anakinra	0.5068467217769925	0.41865874684811727	0.5950346967058676	>	-1.0503307434400901	0.18867924528301888	0.8862876254180602	-0.7749539958239174	0.18545454545454546	0.7596610169491526	5	352	53
Flt3L	Flt3L	Olink	Anakinra	0.5667318735407333	0.48281135018084154	0.650652396900625	>	-0.5124265930195275	0.4339622641509434	0.7023411371237458	-0.4330935563202549	0.3781818181818182	0.6589265536723163	5	352	53
HGF	HGF	Olink	Anakinra	0.5961380702972171	0.5096909624830376	0.6825851781113966	<	-0.293821714979894	0.7358490566037735	0.46153846153846156	-0.1922227329752624	0.6636363636363636	0.4648587570621469	5	352	53
IFN-gamma	IFN-gamma	Olink	Anakinra	0.534738436297091	0.45616189944711194	0.61331497314707	<	0.1826385056231665	0.7924528301886793	0.3377926421404682	0.2373236839511817	0.7181818181818183	0.3577966101694915	5	352	53
IL-10RB	IL-10RB	Olink	Anakinra	0.5719694579415663	0.4978676863035861	0.6460712295795465	>	0.8875871364969374	0.9811320754716981	0.21070234113712374	0.6982416673606598	0.8436363636363636	0.25457627118644066	5	352	53
IL-12B	IL-12B	Olink	Anakinra	0.5809301445068468	0.5023144211594962	0.6595458678541973	>	0.868027668580365	0.7924528301886793	0.38127090301003347	0.8019417314564763	0.6636363636363637	0.3912994350282486	5	352	53
IL-18R1	IL-18R1	Olink	Anakinra	0.6332428850886603	0.5472454462413276	0.719240323935993	<	0.787515130725416	0.5849056603773585	0.6822742474916388	0.8556285931839145	0.4672727272727273	0.6756497175141243	5	352	53
IL10	IL-10	Olink	Anakinra	0.6707263204391999	0.5896957399540638	0.7517569009243358	<	1.28016155190954	0.4716981132075472	0.8093645484949833	1.073285978398858	0.4763636363636363	0.7150282485875706	5	352	53
IL18	IL18	Olink	Anakinra	0.5129677541490503	0.424232769498666	0.6017027387994345	>	0.1977726618856725	0.5283018867924528	0.5652173913043478	0.1831630332189714	0.4672727272727273	0.5655367231638418	5	352	53
IL6	IL-6	Olink	Anakinra	0.709913548305673	0.6376485493286315	0.7821785472827145	<	0.30938749864347903	0.8301886792452831	0.5183946488294314	0.4788536424335229	0.6836363636363636	0.5680225988700565	5	352	53
IL7	IL7	Olink	Anakinra	0.5371363665047012	0.4530212040353786	0.6212515289740238	>	-0.7280508530581595	0.39622641509433965	0.7424749163879598	-0.2569908227990035	0.48	0.5743502824858757	5	352	53
IL8	IL8	Olink	Anakinra	0.5638922193475105	0.4859979035887088	0.6417865351063122	<	-0.5052738520949156	0.7735849056603774	0.4013377926421405	-0.5203908673924887	0.7545454545454545	0.3847457627118644	5	352	53
LAP TGF-beta-1	LAP TGF-beta-1	Olink	Anakinra	0.5404808481100524	0.4545952007007452	0.6263664955193595	>	0.36574775433468154	0.7924528301886793	0.3277591973244147	0.028740036571496996	0.5309090909090909	0.48898305084745763	5	352	53
LIF-R	LIF-R	Olink	Anakinra	0.5934877263835426	0.5057114801548589	0.6812639726122264	<	0.6095484483373701	0.5849056603773585	0.6220735785953178	0.6778185719670738	0.4945454545454545	0.648587570621469	5	352	53
MCP-1	MCP-1	Olink	Anakinra	0.6114722029406197	0.5311152301909148	0.6918291756903245	<	-0.10115912834814256	0.7358490566037735	0.4983277591973244	-0.09565930438316622	0.7181818181818181	0.498135593220339	5	352	53
MCP-2	MCP-2	Olink	Anakinra	0.6090742727330094	0.5252707244697111	0.6928778209963077	<	0.698771084837991	0.660377358490566	0.568561872909699	0.8194525860179431	0.5745454545454546	0.6049152542372881	5	352	53
MCP-3	MCP-3	Olink	Anakinra	0.6670663217012683	0.5909699712467913	0.7431626721557456	<	0.8476625638028961	0.5094339622641509	0.7792642140468228	0.8476815769640246	0.49272727272727274	0.7755367231638418	5	352	53
MCP-4	MCP-4	Olink	Anakinra	0.6281315075408594	0.5444424125369997	0.7118206025447192	>	-0.34822682404254646	0.6981132075471698	0.5418060200668896	-0.434076787838686	0.5872727272727273	0.5750282485875706	5	352	53
MMP-1	MMP-1	Olink	Anakinra	0.5406070549630845	0.4519108516837388	0.6293032582424302	>	-0.8443020477555595	0.3584905660377358	0.7859531772575251	-0.8531945781603381	0.3381818181818182	0.7859322033898305	5	352	53
MMP-10	MMP-10	Olink	Anakinra	0.525399129172714	0.44816778567910154	0.6026304726663267	<	0.0148743987434262	0.7735849056603774	0.35785953177257523	-0.1408555020457934	0.7018181818181818	0.29468926553672314	5	352	53
OPG	OPG	Olink	Anakinra	0.6004291033003092	0.5189199026175407	0.6819383039830776	<	0.2201768568341985	0.6792452830188679	0.4916387959866221	0.274142372683695	0.4890909090909091	0.49898305084745764	5	352	53
OSM	OSM	Olink	Anakinra	0.556950842430744	0.470928802039344	0.6429728828221439	<	0.9948760877472556	0.2641509433962264	0.8695652173913043	0.49788973278953613	0.32	0.6650847457627118	5	352	53
PD-L1	PD-L1	Olink	Anakinra	0.6237142676847353	0.5406989913640106	0.70672954400546	<	0.6730166347977935	0.5094339622641509	0.7190635451505016	0.43997740841083577	0.5145454545454545	0.5787005649717514	5	352	53
SCF	SCF	Olink	Anakinra	0.5000315517132581	0.4157217265486808	0.5843413768778354	<	-1.04401910146591	0.9245283018867925	0.13377926421404682	-0.04378458770045859	0.5581818181818182	0.38045197740112996	5	352	53
SIRT2	SIRT2	Olink	Anakinra	0.5373256767842494	0.44821326966560204	0.6264380839028967	>	-0.130318208368899	0.5471698113207547	0.5919732441471572	-0.1627774050248914	0.5072727272727273	0.5988700564971752	5	352	53
SLAMF1	SLAMF1	Olink	Anakinra	0.5897015207925791	0.5107640095036053	0.6686390320815526	>	0.6690945782617925	0.8679245283018868	0.3110367892976589	0.741382914848104	0.8090909090909091	0.2811864406779661	5	352	53
ST1A1	ST1A1	Olink	Anakinra	0.5541111882375213	0.4668981214523409	0.6413242550227016	>	-0.5303485893843685	0.5094339622641509	0.6254180602006689	-0.7438290739570103	0.35454545454545455	0.7091525423728814	5	352	53
STAMBP	STAMBP	Olink	Anakinra	0.527418438821228	0.4402922911129237	0.6145445865295325	<	1.4181606236643298	0.1509433962264151	0.9431438127090301	0.6438770857228266	0.2727272727272727	0.7229378531073446	5	352	53
TGF-alpha	TGF-alpha	Olink	Anakinra	0.537893607622894	0.4490385289132823	0.6267486863325056	<	-0.39013595096445897	0.6981132075471698	0.4180602006688963	-0.11323647298107571	0.5127272727272727	0.49135593220338986	5	352	53
TNF	TNF	Olink	Anakinra	0.5077301697482174	0.43049001328453207	0.5849703262119025	<	-0.7219420173253205	0.9056603773584906	0.21070234113712374	-0.5716924024678942	0.7818181818181819	0.23389830508474577	5	352	53
TNFB	TNF-B	Olink	Anakinra	0.6288887486590522	0.5499300803230746	0.7078474169950298	>	-0.1366374329075645	0.660377358490566	0.5551839464882943	-0.029118617755960686	0.5509090909090909	0.5153107344632768	5	352	53
TNFRSF9	TNFRSF9	Olink	Anakinra	0.6208746134915126	0.5333262582460978	0.7084229687369272	>	-0.4079507840776185	0.6037735849056604	0.6655518394648829	-0.3944779144826668	0.5854545454545454	0.6521468926553672	5	352	53
TNFSF14	TNFSF14	Olink	Anakinra	0.4716350097810311	0.3834166082544914	0.5598534113075708	<	0.216969261014608	0.3584905660377358	0.6956521739130435	-0.10245425518735878	0.3927272727272727	0.5754802259887005	5	352	53
TRAIL	TRAIL	Olink	Anakinra	0.5394080898592793	0.4629459965599692	0.6158701831585895	>	0.056394409685674704	0.7547169811320755	0.4214046822742475	0.0567084432596418	0.7545454545454545	0.4215819209039548	5	352	53
TRANCE	TRANCE	Olink	Anakinra	0.6172777181800971	0.5379698898555594	0.6965855465046349	>	-0.5667386943425154	0.5471698113207547	0.6454849498327759	-0.18646559904312857	0.649090909090909	0.4541242937853107	5	352	53
TWEAK	TWEAK	Olink	Anakinra	0.5514608443238468	0.45820579424584995	0.6447158944018436	>	-1.0503307434400901	0.33962264150943394	0.8494983277591973	-1.064760969676821	0.3018181818181818	0.8592655367231639	5	352	53
uPA	uPA	Olink	Anakinra	0.5376411939168297	0.449798569764043	0.6254838180696165	<	-0.1019445991813975	0.7547169811320755	0.34448160535117056	0.24871327157049372	0.52	0.46757062146892653	5	352	53
VEGFA	VEGFA	Olink	Anakinra	0.50432258471635	0.4187212840338022	0.5899238853988978	<	0.24833873772120052	0.4528301886792453	0.6153846153846154	0.146085003049519	0.4381818181818182	0.5440112994350282	5	352	53
4E-BP1	4E-BP1	Olink	Global	0.5392716935156355	0.4724732449384148	0.6060701420928565	<	0.811224523272585	0.34831460674157305	0.7518072289156627	0.6430677628821215	0.36993464052287583	0.6843373493975904	5	504	89
ADA	ADA	Olink	Global	0.5424123460132665	0.4759615453066245	0.6088631467199085	<	-0.425012054052206	0.7865168539325843	0.3253012048192771	-0.31826378141033196	0.6849673202614379	0.3542168674698795	5	504	89
AXIN1	AXIN1	Olink	Global	0.5695952348720725	0.5048615381875101	0.634328931556635	>	-0.590801888232388	0.47191011235955055	0.6939759036144578	-0.5911761732590877	0.4594771241830065	0.6939759036144578	5	504	89
CASP-8	CASP-8	Olink	Global	0.5120888046568296	0.44763141838906595	0.5765461909245932	<	-0.5945364925418405	0.7865168539325843	0.2987951807228916	-0.4702666721848921	0.6862745098039216	0.3542168674698795	5	504	89
CCL11	CCL11	Olink	Global	0.5460403411398402	0.48049003967726334	0.6115906426024171	>	-0.09801145714107601	0.6629213483146067	0.4506024096385542	-0.119052355616165	0.6065359477124183	0.4506024096385542	5	504	89
CCL19	CCL19	Olink	Global	0.4838229321781508	0.4223246173009906	0.545321247055311	>	1.13123693054179	0.8876404494382022	0.1614457831325301	1.0998505843990554	0.8215686274509804	0.17590361445783131	5	504	89
CCL20	CCL20	Olink	Global	0.6587518613780966	0.6007230269783752	0.716780695777818	<	0.2314195757716995	0.6966292134831461	0.563855421686747	0.2221198458872376	0.6856209150326797	0.5542168674698795	5	504	89
CCL23	CCL23	Olink	Global	0.5892243129822662	0.5227880633926738	0.6556605625718586	<	0.628511722678516	0.5842696629213483	0.6337349397590362	0.6297664163314118	0.5496732026143791	0.6289156626506024	5	504	89
CCL25	CCL25	Olink	Global	0.49776634628401245	0.4339389820126896	0.5615937105553354	<	-0.77054927486608	0.8651685393258427	0.20481927710843373	-0.0658395202082351	0.5934640522875817	0.42168674698795183	5	504	89
CCL3	CCL3	Olink	Global	0.4921077568701773	0.42938442612770084	0.5548310876126539	<	-1.0077934743581451	0.797752808988764	0.25783132530120484	-0.678757612720123	0.6202614379084967	0.3710843373493976	5	504	89
CCL4	CCL4	Olink	Global	0.5101394341410587	0.4441202730374847	0.5761585952446324	>	-0.601087165007478	0.47191011235955055	0.6120481927710844	-0.609424406300839	0.43790849673202614	0.6120481927710844	5	504	89
CD244	CD244	Olink	Global	0.5815892784621632	0.5170595994568435	0.6461189574674829	>	0.15404522647555952	0.6853932584269663	0.4987951807228916	0.04010900524930501	0.5816993464052288	0.5277108433734939	5	504	89
CD40	CD40	Olink	Global	0.5287396778123731	0.4621731982249127	0.5953061573998334	<	0.02505327742587435	0.5168539325842697	0.5759036144578313	-0.01063381809109229	0.4849673202614379	0.5542168674698795	5	504	89
CD5	CD5	Olink	Global	0.5509408420197645	0.4848659614859331	0.6170157225535958	>	-0.187406196446053	0.5730337078651685	0.5397590361445783	-0.1339684996971423	0.5411764705882353	0.5084337349397591	5	504	89
CD6	CD6	Olink	Global	0.5409773927169351	0.4745226119255351	0.6074321735083352	>	-0.170699990454879	0.5393258426966292	0.5590361445783133	-0.3729205801068447	0.4045751633986928	0.6024096385542168	5	504	89
CD8A	CD8A	Olink	Global	0.49454447001489105	0.4236693441525391	0.5654195958772429	<	0.8887455002719105	0.3146067415730337	0.7614457831325301	0.7981788232845048	0.2803921568627451	0.7156626506024096	5	504	89
CDCP1	CDCP1	Olink	Global	0.535779071341546	0.4693125402163956	0.6022456024666965	<	0.4104888958232895	0.5168539325842697	0.5831325301204819	0.5361271487273536	0.39477124183006534	0.6289156626506024	5	504	89
CSF-1	CSF-1	Olink	Global	0.5443346419385406	0.48097609114663203	0.6076931927304492	<	0.20096684752390098	0.7528089887640449	0.39036144578313253	0.2369896373369729	0.7065359477124183	0.41204819277108434	5	504	89
CST5	CST5	Olink	Global	0.5203465547583592	0.45911849029272783	0.5815746192239909	>	0.7158600052071685	0.8764044943820225	0.2385542168674699	0.6939522583205933	0.842483660130719	0.23614457831325303	5	504	89
CX3CL1	CX3CL1	Olink	Global	0.6139163395153648	0.5491920785047076	0.678640600526022	<	0.643853617319954	0.47191011235955055	0.7421686746987952	0.46138774139726396	0.5156862745098039	0.6481927710843374	5	504	89
CXCL1	CXCL1	Olink	Global	0.536970353323406	0.46974296731006604	0.604197739336746	<	0.31678852915518696	0.5393258426966292	0.5734939759036145	0.3313952589663111	0.5052287581699346	0.5759036144578313	5	504	89
CXCL10	CXCL10	Olink	Global	0.6771355083254366	0.6221172694861116	0.7321537471647616	<	0.3225540190596835	0.9438202247191011	0.37349397590361444	0.41817751083164423	0.8196078431372549	0.41204819277108434	5	504	89
CXCL11	CXCL11	Olink	Global	0.5876269121429538	0.5233902229619108	0.6518636013239968	<	0.2475350987246155	0.7865168539325843	0.4072289156626506	0.2003504135389434	0.7862745098039216	0.39277108433734936	5	504	89
CXCL5	CXCL5	Olink	Global	0.5306348991471503	0.4623371548549291	0.5989326434393716	>	-0.31514271811440997	0.5168539325842697	0.6096385542168675	-0.38542741490707105	0.4620915032679739	0.636144578313253	5	504	89
CXCL6	CXCL6	Olink	Global	0.5128468931907405	0.4475795279922444	0.5781142583892367	>	-0.275887166034981	0.5056179775280899	0.5783132530120482	-0.2601219259681804	0.4934640522875817	0.5590361445783133	5	504	89
CXCL9	CXCL9	Olink	Global	0.6353323405983484	0.5757042737552855	0.6949604074414115	<	-0.269386262666997	0.8314606741573034	0.41686746987951806	-0.251789220267214	0.7856209150326797	0.41204819277108434	5	504	89
DNER	DNER	Olink	Global	0.4848517666170299	0.4190488046374002	0.5506547285966596	<	-0.4560630208320545	0.6629213483146067	0.363855421686747	-0.4396084012802133	0.5509803921568628	0.38072289156626504	5	504	89
EN-RAGE	EN-RAGE	Olink	Global	0.5580343847299309	0.49330896815963576	0.6227598013002261	<	-0.225794284686817	0.6404494382022472	0.5012048192771085	-0.3266003188692221	0.6509803921568628	0.43373493975903615	5	504	89
FGF-19	FGF-19	Olink	Global	0.5108704480844727	0.44672300483514504	0.5750178913338003	>	1.446530539947815	0.9438202247191011	0.13012048192771083	1.0816528908973135	0.7431372549019608	0.21204819277108433	5	504	89
FGF-21	FGF-21	Olink	Global	0.5107350751319886	0.4420642996070027	0.5794058506569746	>	0.1762648571183075	0.6067415730337079	0.45542168674698796	-0.3399690036867331	0.3568627450980392	0.6265060240963856	5	504	89
Flt3L	Flt3L	Olink	Global	0.5444158657100311	0.4799550813113775	0.6088766501086849	>	0.437896772725414	0.8314606741573034	0.27951807228915665	0.4873406883782788	0.7980392156862746	0.25783132530120484	5	504	89
HGF	HGF	Olink	Global	0.5724651414647354	0.5053010668211533	0.6396292161083175	<	-0.293821714979894	0.7078651685393258	0.43855421686746987	-0.0658863331773216	0.5849673202614379	0.5012048192771085	5	504	89
IFN-gamma	IFN-gamma	Olink	Global	0.5469608772167321	0.4856391991392699	0.6082825552941944	<	0.4198729404473215	0.7191011235955056	0.42650602409638555	0.4376805773732469	0.6856209150326797	0.42650602409638555	5	504	89
IL-10RB	IL-10RB	Olink	Global	0.46527683768782996	0.40434625399822804	0.5262074213774318	<	-1.22357876910854	0.9101123595505618	0.12530120481927712	-0.5836667476917548	0.6209150326797386	0.3060240963855422	5	504	89
IL-12B	IL-12B	Olink	Global	0.5226749695410857	0.4595694602300266	0.5857804788521448	>	0.868027668580365	0.7191011235955056	0.3759036144578313	0.6773261197775606	0.5169934640522876	0.45542168674698796	5	504	89
IL-18R1	IL-18R1	Olink	Global	0.6514958711249492	0.5876693611000883	0.7153223811498102	<	0.230622352390088	0.797752808988764	0.4433734939759036	0.3605083225622171	0.6973856209150326	0.5012048192771085	5	504	89
IL10	IL-10	Olink	Global	0.6759713009340733	0.6148918869241391	0.7370507149440078	<	1.0208879849378851	0.5842696629213483	0.7253012048192771	0.9683683361090881	0.561437908496732	0.6939759036144578	5	504	89
IL18	IL18	Olink	Global	0.4852578854744822	0.41564894542592046	0.554866825523044	>	-0.8646147315315029	0.14606741573033707	0.891566265060241	-0.3657926932108117	0.2235294117647059	0.7301204819277108	5	504	89
IL6	IL-6	Olink	Global	0.7095167185596318	0.6519223363204943	0.7671111007987691	<	0.3465652105903625	0.8202247191011236	0.5277108433734939	0.549371909034351	0.6836601307189543	0.5975903614457831	5	504	89
IL7	IL7	Olink	Global	0.5443346419385406	0.48040922858854146	0.6082600552885398	>	0.525941060519965	0.797752808988764	0.3253012048192771	0.21549798449960703	0.5751633986928104	0.40963855421686746	5	504	89
IL8	IL8	Olink	Global	0.5940435900906998	0.5335622701984828	0.6545249099829169	<	-0.438758051321738	0.7752808988764045	0.43373493975903615	-0.49216660495348685	0.777124183006536	0.40240963855421685	5	504	89
LAP TGF-beta-1	LAP TGF-beta-1	Olink	Global	0.5242182211994043	0.459324262917445	0.5891121794813636	>	0.315963911942849	0.7528089887640449	0.3349397590361446	0.1418682616526801	0.6084967320261437	0.39759036144578314	5	504	89
LIF-R	LIF-R	Olink	Global	0.6413158250981454	0.574905236961828	0.7077264132344626	<	0.602967082421925	0.6292134831460674	0.6313253012048192	0.6232292525611249	0.6058823529411765	0.6409638554216868	5	504	89
MCP-1	MCP-1	Olink	Global	0.6421280628130499	0.5806555716747707	0.7036005539513291	<	0.5052738520949156	0.5056179775280899	0.7180722891566265	0.2691028659756492	0.5045751633986928	0.6289156626506024	5	504	89
MCP-2	MCP-2	Olink	Global	0.6436442398808718	0.5797056263691673	0.7075828533925763	<	1.3109325064954551	0.449438202247191	0.8	1.0361326960567692	0.4843137254901961	0.6819277108433734	5	504	89
MCP-3	MCP-3	Olink	Global	0.7053472316231217	0.6497922204756819	0.7609022427705616	<	0.809046898980287	0.5393258426966292	0.763855421686747	0.6384328285902277	0.5823529411764706	0.6457831325301204	5	504	89
MCP-4	MCP-4	Olink	Global	0.5912819818600243	0.5257685984325337	0.656795365287515	>	-0.2491465735911605	0.6966292134831461	0.472289156626506	-0.4527726245121994	0.5483660130718955	0.5493975903614458	5	504	89
MMP-1	MMP-1	Olink	Global	0.538757276296196	0.4708413963612589	0.606673156231133	>	-0.8443020477555595	0.3707865168539326	0.7590361445783133	-0.8476867794035055	0.3607843137254902	0.7590361445783133	5	504	89
MMP-10	MMP-10	Olink	Global	0.5728441857316908	0.5121916557009701	0.6334967157624115	<	-0.05325781182754905	0.8314606741573034	0.3614457831325301	0.004772400321802655	0.7313725490196078	0.40481927710843374	5	504	89
OPG	OPG	Olink	Global	0.6229592527413023	0.5613070779414502	0.6846114275411546	<	0.1050937974556655	0.7415730337078652	0.4578313253012048	0.23200227582341812	0.6320261437908496	0.5036144578313253	5	504	89
OSM	OSM	Olink	Global	0.5351292811696223	0.46761498036985333	0.6026435819693914	<	0.6275590842826859	0.29213483146067415	0.7975903614457831	-0.09316822952182897	0.4699346405228758	0.5325301204819277	5	504	89
PD-L1	PD-L1	Olink	Global	0.6634628401245432	0.601464162208206	0.7254615180408801	<	0.6266053054794689	0.5842696629213483	0.6987951807228916	0.6260362067580547	0.5738562091503268	0.6963855421686747	5	504	89
SCF	SCF	Olink	Global	0.5219981047786653	0.4581655594551275	0.5858306501022028	>	0.9301769492269389	0.7528089887640449	0.3325301204819277	0.6059130339825313	0.5745098039215686	0.43614457831325304	5	504	89
SIRT2	SIRT2	Olink	Global	0.49822661432245835	0.43188725999194544	0.5645659686529714	<	-0.6622565564605225	0.7865168539325843	0.2674698795180723	0.3630027269348488	0.3627450980392157	0.6096385542168674	5	504	89
SLAMF1	SLAMF1	Olink	Global	0.5558142683091918	0.4910940132067932	0.6205345234115903	>	0.6690945782617925	0.8314606741573034	0.2987951807228916	0.6108027096954519	0.7653594771241831	0.3180722891566265	5	504	89
ST1A1	ST1A1	Olink	Global	0.5519967510491404	0.48807603685849305	0.6159174652397876	>	-0.0650213475035932	0.7191011235955056	0.40963855421686746	-0.13183011669264397	0.630718954248366	0.4216867469879518	5	504	89
STAMBP	STAMBP	Olink	Global	0.5698659807770408	0.5062784079167727	0.6334535536373088	<	-0.06188322683452665	0.6292134831460674	0.5228915662650603	-0.05953107689736714	0.6176470588235294	0.5228915662650603	5	504	89
TGF-alpha	TGF-alpha	Olink	Global	0.5135508325436577	0.44480636064081164	0.5822953044465039	<	0.735211194273437	0.2696629213483146	0.8	1.012346553630484	0.15620915032679739	0.8506024096385543	5	504	89
TNF	TNF	Olink	Global	0.5373223229998646	0.47393028671139487	0.6007143592883343	<	-0.6095549480758871	0.8764044943820225	0.22409638554216868	-0.4652736961580933	0.7549019607843137	0.27228915662650605	5	504	89
TNFB	TNF-B	Olink	Global	0.6232299986462705	0.5614654815373239	0.6849945157552171	>	-0.1255825998842855	0.651685393258427	0.5686746987951807	0.1933092601139756	0.7058823529411765	0.44819277108433736	5	504	89
TNFRSF9	TNFRSF9	Olink	Global	0.6151617706782184	0.5467701150954423	0.6835534262609948	>	-0.4079507840776185	0.6067415730337079	0.6481927710843374	-0.4220645843641932	0.5745098039215686	0.653012048192771	5	504	89
TNFSF14	TNFSF14	Olink	Global	0.5395965886015974	0.47333053588678076	0.6058626413164141	>	-0.39351435530051704	0.4943820224719101	0.6168674698795181	-0.39402396988417104	0.4947712418300654	0.616867469879518	5	504	89
TRAIL	TRAIL	Olink	Global	0.5337484770542845	0.471561789808268	0.595935164300301	>	0.0540418553416253	0.6629213483146067	0.43373493975903615	0.30526933848582805	0.6372549019607843	0.36626506024096384	5	504	89
TRANCE	TRANCE	Olink	Global	0.6363341004467308	0.5759722998417005	0.696695901051761	>	-0.5880086497728281	0.5842696629213483	0.6602409638554216	-0.5852922389546756	0.5633986928104575	0.6506024096385542	5	504	89
TWEAK	TWEAK	Olink	Global	0.5900365506971708	0.5213912529333865	0.658681848460955	>	-0.9472038228259865	0.3595505617977528	0.8120481927710843	-0.5412147406937435	0.4176470588235294	0.655421686746988	5	504	89
uPA	uPA	Olink	Global	0.5777717612021118	0.5119271841790333	0.6436163382251904	<	0.23544239190154448	0.6404494382022472	0.5036144578313253	0.2138298626310874	0.6084967320261438	0.4891566265060241	5	504	89
VEGFA	VEGFA	Olink	Global	0.5243265195613916	0.4601848175204443	0.5884682216023389	<	-0.2758915447567965	0.7303370786516854	0.3686746987951807	-0.24496912873517152	0.6738562091503267	0.3783132530120482	5	504	89
CRP	CRP	Clinical	Placebo	0.6976120857699806	0.5986586152027878	0.7965655563371731	<	59.375	0.75	0.7192982456140351	59.377	0.75	0.7201581027667985	5	150	36
suPAR	suPAR	Clinical	Placebo	0.5723180076628352	0.46730291996472906	0.6773330953609414	<	7.25	0.75	0.4051724137931034	8.07	0.44285714285714284	0.5608695652173913	5	152	36
CRP	CRP	Clinical	Anakinra	0.654678992022287	0.5796572316380296	0.7297007524065443	<	37.47	0.8679245283018868	0.4463087248322148	38.025999999999996	0.8309090909090909	0.44937853107344633	5	351	53
suPAR	suPAR	Clinical	Anakinra	0.6154161670978734	0.5327735406359662	0.6980587935597806	<	7.65	0.6792452830188679	0.5484949832775919	8.030000000000001	0.5490909090909091	0.6079661016949153	5	352	53
CRP	CRP	Clinical	Global	0.6631395221991928	0.6044196998227359	0.7218593445756495	<	55.69	0.6966292134831461	0.6043689320388349	52.657000000000004	0.6849673202614379	0.573053188363209	5	501	89
suPAR	suPAR	Clinical	Global	0.600297820495465	0.5359191297021018	0.6646765112888282	<	7.65	0.6404494382022472	0.5518072289156627	7.61	0.6418300653594771	0.5228915662650603	5	504	89
